obs,gaminvLL,gaminvUL
0,0.0,2.995732
1,0.013048,5.564961
2,0.224483,7.22221
3,0.602717,8.766819
4,1.075791,10.242307
5,1.610895,11.669809
6,2.190447,13.061479
7,2.803811,14.425068
8,3.443996,15.765879
9,4.106119,17.087728
10,4.786616,18.393472
11,5.482792,19.685313
12,6.192549,20.964995
13,6.914221,22.233922
14,7.646453,23.493249
15,8.388131,24.743936
16,9.138322,25.986796
17,9.896238,27.222518
18,10.661205,28.451698
19,11.432642,29.674853
20,12.210042,30.892435
21,12.992963,32.104841
22,13.781013,33.312424
23,14.573846,34.5155
24,15.371152,35.714349
25,16.172654,36.909226
26,16.978102,38.100359
27,17.787269,39.287957
28,18.599951,40.472208
29,19.415959,41.653285
30,20.235124,42.831348
31,21.057287,44.006542
32,21.882306,45.179002
33,22.710046,46.348851
34,23.540384,47.516205
35,24.373207,48.681171
36,25.208409,49.843848
37,26.04589,51.004329
38,26.885559,52.1627
39,27.72733,53.319043
40,28.571122,54.473434
41,29.41686,55.625944
42,30.264472,56.77664
43,31.113893,57.925585
44,31.965059,59.072839
45,32.817911,60.218459
46,33.672393,61.362498
47,34.528452,62.505005
48,35.386038,63.64603
49,36.245103,64.785616
50,37.105603,65.923808
51,37.967493,67.060647
52,38.830734,68.196171
53,39.695287,69.330417
54,40.561114,70.463422
55,41.42818,71.595218
56,42.296452,72.725839
57,43.165898,73.855315
58,44.036485,74.983675
59,44.908186,76.110949
60,45.780972,77.237163
61,46.654816,78.362343
62,47.529691,79.486515
63,48.405574,80.609702
64,49.282439,81.731927
65,50.160265,82.853213
66,51.039028,83.97358
67,51.918708,85.09305
68,52.799284,86.211642
69,53.680737,87.329376
70,54.563047,88.446269
71,55.446196,89.56234
72,56.330167,90.677605
73,57.214942,91.792081
74,58.100505,92.905784
75,58.98684,94.01873
76,59.873931,95.130933
77,60.761763,96.242408
78,61.650323,97.353169
79,62.539597,98.46323
80,63.429569,99.572603
81,64.320229,100.681301
82,65.211562,101.789337
83,66.103557,102.896723
84,66.996201,104.00347
85,67.889484,105.109589
86,68.783393,106.215092
87,69.677919,107.319989
88,70.573049,108.42429
89,71.468775,109.528006
90,72.365086,110.631146
91,73.261972,111.733719
92,74.159423,112.835736
93,75.057432,113.937204
94,75.955988,115.038133
95,76.855082,116.138531
96,77.754708,117.238406
97,78.654855,118.337767
98,79.555516,119.436621
99,80.456684,120.534976
100,81.35835,121.63284
101,82.260507,122.730219
102,83.163148,123.827122
103,84.066266,124.923554
104,84.969853,126.019523
105,85.873903,127.115035
106,86.77841,128.210097
107,87.683367,129.304715
108,88.588767,130.398895
109,89.494605,131.492643
110,90.400874,132.585966
111,91.307569,133.678868
112,92.214683,134.771356
113,93.122212,135.863435
114,94.03015,136.95511
115,94.938491,138.046387
116,95.84723,139.13727
117,96.756362,140.227766
118,97.665882,141.317878
119,98.575784,142.407611
120,99.486066,143.496971
121,100.39672,144.585962
122,101.307743,145.674589
123,102.219131,146.762855
124,103.130879,147.850765
125,104.042982,148.938324
126,104.955436,150.025536
127,105.868237,151.112405
128,106.781382,152.198934
129,107.694865,153.285128
130,108.608684,154.370991
131,109.522833,155.456526
132,110.43731,156.541738
133,111.352111,157.626629
134,112.267231,158.711204
135,113.182668,159.795465
136,114.098418,160.879417
137,115.014478,161.963063
138,115.930843,163.046406
139,116.847511,164.129449
140,117.764479,165.212195
141,118.681743,166.294648
142,119.5993,167.376812
143,120.517148,168.458688
144,121.435282,169.540279
145,122.3537,170.62159
146,123.2724,171.702622
147,124.191377,172.783379
148,125.11063,173.863863
149,126.030156,174.944077
150,126.949951,176.024024
151,127.870014,177.103706
152,128.790341,178.183126
153,129.71093,179.262287
154,130.631778,180.34119
155,131.552883,181.41984
156,132.474242,182.498237
157,133.395853,183.576385
158,134.317714,184.654286
159,135.239822,185.731941
160,136.162174,186.809355
161,137.084769,187.886528
162,138.007604,188.963462
163,138.930678,190.040161
164,139.853987,191.116626
165,140.777529,192.19286
166,141.701303,193.268864
167,142.625307,194.34464
168,143.549538,195.420191
169,144.473994,196.495519
170,145.398674,197.570625
171,146.323575,198.645512
172,147.248696,199.720181
173,148.174034,200.794634
174,149.099587,201.868874
175,150.025355,202.942901
176,150.951334,204.016718
177,151.877524,205.090327
178,152.803922,206.163729
179,153.730526,207.236926
180,154.657336,208.30992
181,155.584348,209.382712
182,156.511562,210.455305
183,157.438976,211.527699
184,158.366589,212.599896
185,159.294397,213.671899
186,160.222401,214.743708
187,161.150598,215.815325
188,162.078987,216.886751
189,163.007566,217.957989
190,163.936335,219.029039
191,164.86529,220.099904
192,165.794432,221.170584
193,166.723757,222.24108
194,167.653266,223.311396
195,168.582957,224.381531
196,169.512827,225.451487
197,170.442876,226.521265
198,171.373103,227.590868
199,172.303506,228.660295
200,173.234084,229.72955
201,174.164835,230.798631
202,175.095758,231.867542
203,176.026852,232.936284
204,176.958116,234.004857
205,177.889548,235.073262
206,178.821147,236.141502
207,179.752913,237.209577
208,180.684843,238.277488
209,181.616936,239.345237
210,182.549192,240.412825
211,183.481609,241.480252
212,184.414186,242.547521
213,185.346922,243.614632
214,186.279816,244.681586
215,187.212867,245.748384
216,188.146073,246.815028
217,189.079434,247.881518
218,190.012948,248.947856
219,190.946615,250.014042
220,191.880433,251.080078
221,192.814401,252.145965
222,193.748519,253.211703
223,194.682784,254.277294
224,195.617198,255.342739
225,196.551757,256.408038
226,197.486462,257.473193
227,198.421312,258.538204
228,199.356304,259.603073
229,200.29144,260.6678
230,201.226716,261.732387
231,202.162134,262.796833
232,203.097691,263.861141
233,204.033387,264.925311
234,204.969221,265.989344
235,205.905192,267.053241
236,206.841299,268.117002
237,207.777541,269.180629
238,208.713918,270.244122
239,209.650429,271.307483
240,210.587072,272.370711
241,211.523847,273.433808
242,212.460753,274.496775
243,213.39779,275.559613
244,214.334956,276.622322
245,215.272251,277.684902
246,216.209674,278.747356
247,217.147223,279.809683
248,218.0849,280.871885
249,219.022701,281.933962
250,219.960628,282.995914
251,220.898679,284.057744
252,221.836853,285.11945
253,222.775149,286.181035
254,223.713568,287.242499
255,224.652108,288.303842
256,225.590768,289.365065
257,226.529548,290.426169
258,227.468447,291.487155
259,228.407464,292.548023
260,229.346599,293.608774
261,230.285851,294.669409
262,231.22522,295.729928
263,232.164704,296.790332
264,233.104303,297.850621
265,234.044016,298.910797
266,234.983843,299.97086
267,235.923783,301.030811
268,236.863836,302.090649
269,237.804,303.150376
270,238.744276,304.209993
271,239.684662,305.2695
272,240.625158,306.328898
273,241.565763,307.388186
274,242.506477,308.447367
275,243.447299,309.50644
276,244.388229,310.565406
277,245.329266,311.624265
278,246.270409,312.683019
279,247.211658,313.741668
280,248.153012,314.800211
281,249.094471,315.858651
282,250.036034,316.916987
283,250.977701,317.97522
284,251.919471,319.033351
285,252.861343,320.091379
286,253.803317,321.149306
287,254.745392,322.207132
288,255.687568,323.264858
289,256.629845,324.322484
290,257.572222,325.380011
291,258.514697,326.437439
292,259.457272,327.494768
293,260.399945,328.552
294,261.342716,329.609135
295,262.285584,330.666172
296,263.228548,331.723113
297,264.17161,332.779959
298,265.114766,333.836709
299,266.058019,334.893364
300,267.001366,335.949925
301,267.944807,337.006392
302,268.888343,338.062765
303,269.831972,339.119046
304,270.775694,340.175234
305,271.719508,341.231329
306,272.663414,342.287334
307,273.607413,343.343247
308,274.551502,344.399069
309,275.495682,345.454801
310,276.439952,346.510443
311,277.384312,347.565995
312,278.328762,348.621459
313,279.2733,349.676834
314,280.217928,350.732121
315,281.162643,351.78732
316,282.107446,352.842432
317,283.052336,353.897457
318,283.997313,354.952395
319,284.942377,356.007247
320,285.887527,357.062014
321,286.832762,358.116695
322,287.778083,359.171292
323,288.723488,360.225804
324,289.668979,361.280231
325,290.614553,362.334576
326,291.560211,363.388836
327,292.505952,364.443014
328,293.451776,365.497109
329,294.397683,366.551122
330,295.343671,367.605054
331,296.289742,368.658904
332,297.235894,369.712672
333,298.182127,370.76636
334,299.128441,371.819968
335,300.074836,372.873496
336,301.02131,373.926944
337,301.967864,374.980312
338,302.914497,376.033602
339,303.861209,377.086813
340,304.807999,378.139946
341,305.754868,379.193002
342,306.701815,380.245979
343,307.648839,381.298879
344,308.595941,382.351703
345,309.543119,383.40445
346,310.490374,384.457121
347,311.437705,385.509715
348,312.385112,386.562235
349,313.332594,387.614679
350,314.280152,388.667048
351,315.227784,389.719342
352,316.175491,390.771563
353,317.123273,391.823709
354,318.071128,392.875782
355,319.019057,393.927781
356,319.967059,394.979708
357,320.915135,396.031561
358,321.863283,397.083343
359,322.811503,398.135052
360,323.759795,399.186689
361,324.70816,400.238255
362,325.656595,401.28975
363,326.605102,402.341173
364,327.55368,403.392526
365,328.502329,404.443809
366,329.451048,405.495022
367,330.399836,406.546165
368,331.348695,407.597238
369,332.297623,408.648243
370,333.24662,409.699178
371,334.195686,410.750045
372,335.144821,411.800843
373,336.094024,412.851573
374,337.043296,413.902236
375,337.992635,414.952831
376,338.942041,416.003359
377,339.891515,417.053819
378,340.841056,418.104213
379,341.790663,419.154541
380,342.740337,420.204802
381,343.690077,421.254997
382,344.639883,422.305127
383,345.589755,423.355191
384,346.539692,424.40519
385,347.489695,425.455125
386,348.439762,426.504994
387,349.389894,427.554799
388,350.34009,428.60454
389,351.290351,429.654217
390,352.240675,430.70383
391,353.191063,431.75338
392,354.141515,432.802867
393,355.09203,433.85229
394,356.042607,434.901651
395,356.993248,435.95095
396,357.94395,437.000186
397,358.894715,438.049361
398,359.845542,439.098473
399,360.796431,440.147524
400,361.747382,441.196514
401,362.698393,442.245442
402,363.649466,443.29431
403,364.600599,444.343117
404,365.551794,445.391864
405,366.503048,446.440551
406,367.454363,447.489177
407,368.405737,448.537744
408,369.357172,449.586252
409,370.308666,450.6347
410,371.260219,451.683089
411,372.211831,452.731419
412,373.163502,453.779691
413,374.115232,454.827904
414,375.06702,455.876059
415,376.018866,456.924155
416,376.97077,457.972195
417,377.922733,459.020176
418,378.874752,460.0681
419,379.826829,461.115967
420,380.778964,462.163777
421,381.731155,463.21153
422,382.683403,464.259227
423,383.635707,465.306867
424,384.588068,466.354451
425,385.540485,467.401979
426,386.492958,468.449452
427,387.445487,469.496868
428,388.398072,470.54423
429,389.350711,471.591536
430,390.303406,472.638787
431,391.256156,473.685984
432,392.208961,474.733125
433,393.16182,475.780213
434,394.114734,476.827246
435,395.067702,477.874225
436,396.020724,478.92115
437,396.9738,479.968022
438,397.92693,481.01484
439,398.880113,482.061604
440,399.833349,483.108316
441,400.786639,484.154974
442,401.739981,485.20158
443,402.693376,486.248134
444,403.646824,487.294634
445,404.600324,488.341083
446,405.553877,489.38748
447,406.507481,490.433824
448,407.461138,491.480117
449,408.414846,492.526358
450,409.368606,493.572548
451,410.322417,494.618687
452,411.276279,495.664775
453,412.230192,496.710812
454,413.184156,497.756798
455,414.138171,498.802734
456,415.092236,499.848619
457,416.046352,500.894454
458,417.000518,501.940239
459,417.954734,502.985975
460,418.909,504.03166
461,419.863315,505.077296
462,420.81768,506.122883
463,421.772094,507.16842
464,422.726558,508.213909
465,423.681071,509.259348
466,424.635632,510.304739
467,425.590242,511.350081
468,426.544901,512.395374
469,427.499609,513.44062
470,428.454364,514.485817
471,429.409168,515.530966
472,430.36402,516.576068
473,431.318919,517.621122
474,432.273866,518.666128
475,433.228861,519.711087
476,434.183903,520.755999
477,435.138992,521.800863
478,436.094128,522.845681
479,437.049312,523.890452
480,438.004542,524.935176
481,438.959818,525.979854
482,439.915141,527.024485
483,440.870511,528.069071
484,441.825926,529.11361
485,442.781388,530.158103
486,443.736896,531.202551
487,444.692449,532.246953
488,445.648048,533.291309
489,446.603692,534.33562
490,447.559382,535.379886
491,448.515117,536.424107
492,449.470897,537.468283
493,450.426722,538.512414
494,451.382592,539.5565
495,452.338506,540.600542
496,453.294465,541.64454
497,454.250469,542.688493
498,455.206516,543.732402
499,456.162608,544.776267
500,457.118744,545.820088
501,458.074923,546.863866
502,459.031147,547.9076
503,459.987414,548.95129
504,460.943724,549.994938
505,461.900078,551.038541
506,462.856474,552.082102
507,463.812914,553.12562
508,464.769397,554.169095
509,465.725923,555.212528
510,466.682492,556.255917
511,467.639103,557.299265
512,468.595756,558.34257
513,469.552452,559.385833
514,470.50919,560.429053
515,471.46597,561.472232
516,472.422792,562.515369
517,473.379656,563.558464
518,474.336561,564.601518
519,475.293508,565.64453
520,476.250497,566.687501
521,477.207527,567.730431
522,478.164598,568.773319
523,479.12171,569.816167
524,480.078864,570.858973
525,481.036058,571.901739
526,481.993293,572.944464
527,482.950568,573.987149
528,483.907884,575.029793
529,484.865241,576.072397
530,485.822638,577.114961
531,486.780075,578.157485
532,487.737552,579.199968
533,488.695069,580.242412
534,489.652625,581.284816
535,490.610222,582.327181
536,491.567858,583.369506
537,492.525534,584.411792
538,493.483249,585.454038
539,494.441003,586.496245
540,495.398797,587.538413
541,496.35663,588.580542
542,497.314501,589.622632
543,498.272412,590.664684
544,499.230361,591.706697
545,500.188349,592.748671
546,501.146375,593.790607
547,502.10444,594.832504
548,503.062543,595.874364
549,504.020685,596.916185
550,504.978864,597.957968
551,505.937082,598.999713
552,506.895337,600.041421
553,507.85363,601.083091
554,508.811961,602.124723
555,509.77033,603.166317
556,510.728736,604.207875
557,511.687179,605.249395
558,512.64566,606.290877
559,513.604178,607.332323
560,514.562733,608.373732
561,515.521325,609.415104
562,516.479954,610.456438
563,517.43862,611.497737
564,518.397322,612.538998
565,519.356061,613.580224
566,520.314837,614.621412
567,521.273648,615.662565
568,522.232497,616.703681
569,523.191381,617.744761
570,524.150302,618.785805
571,525.109258,619.826813
572,526.068251,620.867785
573,527.027279,621.908722
574,527.986343,622.949623
575,528.945443,623.990488
576,529.904579,625.031318
577,530.863749,626.072112
578,531.822956,627.112871
579,532.782197,628.153595
580,533.741474,629.194284
581,534.700786,630.234938
582,535.660132,631.275557
583,536.619514,632.316141
584,537.578931,633.35669
585,538.538382,634.397205
586,539.497868,635.437685
587,540.457388,636.478131
588,541.416943,637.518542
589,542.376532,638.558919
590,543.336156,639.599262
591,544.295814,640.639571
592,545.255506,641.679845
593,546.215232,642.720086
594,547.174992,643.760293
595,548.134786,644.800466
596,549.094613,645.840605
597,550.054475,646.88071
598,551.014369,647.920783
599,551.974298,648.960821
600,552.93426,650.000827
601,553.894255,651.040799
602,554.854284,652.080738
603,555.814345,653.120643
604,556.77444,654.160516
605,557.734568,655.200356
606,558.694729,656.240163
607,559.654922,657.279937
608,560.615149,658.319678
609,561.575408,659.359387
610,562.5357,660.399063
611,563.496024,661.438707
612,564.456381,662.478319
613,565.41677,663.517898
614,566.377191,664.557445
615,567.337645,665.596959
616,568.298131,666.636442
617,569.258649,667.675893
618,570.219199,668.715311
619,571.179781,669.754698
620,572.140394,670.794053
621,573.10104,671.833377
622,574.061717,672.872669
623,575.022425,673.911929
624,575.983166,674.951158
625,576.943937,675.990355
626,577.90474,677.029522
627,578.865575,678.068657
628,579.82644,679.10776
629,580.787337,680.146833
630,581.748265,681.185875
631,582.709224,682.224886
632,583.670213,683.263866
633,584.631234,684.302815
634,585.592285,685.341733
635,586.553367,686.380621
636,587.51448,687.419478
637,588.475623,688.458305
638,589.436797,689.497101
639,590.398001,690.535867
640,591.359236,691.574603
641,592.320501,692.613308
642,593.281796,693.651984
643,594.243121,694.690629
644,595.204476,695.729244
645,596.165862,696.767829
646,597.127277,697.806385
647,598.088722,698.844911
648,599.050197,699.883406
649,600.011701,700.921873
650,600.973235,701.960309
651,601.934799,702.998717
652,602.896393,704.037094
653,603.858015,705.075443
654,604.819667,706.113762
655,605.781349,707.152052
656,606.74306,708.190312
657,607.704799,709.228544
658,608.666568,710.266746
659,609.628367,711.304919
660,610.590194,712.343064
661,611.552049,713.38118
662,612.513934,714.419267
663,613.475848,715.457325
664,614.43779,716.495354
665,615.399761,717.533355
666,616.361761,718.571328
667,617.323789,719.609272
668,618.285845,720.647187
669,619.24793,721.685074
670,620.210043,722.722933
671,621.172185,723.760764
672,622.134355,724.798567
673,623.096552,725.836341
674,624.058778,726.874088
675,625.021032,727.911806
676,625.983314,728.949497
677,626.945624,729.98716
678,627.907962,731.024795
679,628.870327,732.062402
680,629.83272,733.099982
681,630.795141,734.137534
682,631.757589,735.175059
683,632.720065,736.212556
684,633.682569,737.250025
685,634.645099,738.287468
686,635.607658,739.324883
687,636.570243,740.362271
688,637.532856,741.399631
689,638.495495,742.436965
690,639.458162,743.474271
691,640.420856,744.511551
692,641.383577,745.548803
693,642.346325,746.586029
694,643.3091,747.623228
695,644.271901,748.6604
696,645.23473,749.697545
697,646.197585,750.734664
698,647.160466,751.771756
699,648.123374,752.808822
700,649.086309,753.845861
701,650.04927,754.882874
702,651.012258,755.919861
703,651.975272,756.956821
704,652.938312,757.993755
705,653.901379,759.030662
706,654.864472,760.067544
707,655.827591,761.104399
708,656.790735,762.141229
709,657.753906,763.178032
710,658.717103,764.21481
711,659.680326,765.251561
712,660.643575,766.288287
713,661.60685,767.324987
714,662.57015,768.361662
715,663.533476,769.398311
716,664.496827,770.434934
717,665.460205,771.471531
718,666.423607,772.508104
719,667.387036,773.54465
720,668.350489,774.581172
721,669.313968,775.617668
722,670.277473,776.654139
723,671.241002,777.690584
724,672.204557,778.727005
725,673.168137,779.7634
726,674.131742,780.79977
727,675.095372,781.836115
728,676.059028,782.872436
729,677.022708,783.908731
730,677.986413,784.945001
731,678.950143,785.981247
732,679.913897,787.017468
733,680.877677,788.053664
734,681.841481,789.089836
735,682.80531,790.125983
736,683.769163,791.162105
737,684.733041,792.198203
738,685.696944,793.234276
739,686.660871,794.270325
740,687.624822,795.30635
741,688.588798,796.34235
742,689.552798,797.378327
743,690.516822,798.414279
744,691.480871,799.450206
745,692.444943,800.48611
746,693.40904,801.52199
747,694.373161,802.557845
748,695.337305,803.593677
749,696.301474,804.629484
750,697.265667,805.665268
751,698.229883,806.701028
752,699.194124,807.736764
753,700.158388,808.772477
754,701.122676,809.808166
755,702.086987,810.843831
756,703.051323,811.879473
757,704.015681,812.915091
758,704.980064,813.950685
759,705.944469,814.986256
760,706.908899,816.021804
761,707.873351,817.057328
762,708.837827,818.092829
763,709.802327,819.128307
764,710.766849,820.163762
765,711.731395,821.199193
766,712.695964,822.234602
767,713.660556,823.269987
768,714.625171,824.305349
769,715.589809,825.340688
770,716.554471,826.376004
771,717.519155,827.411298
772,718.483862,828.446568
773,719.448592,829.481816
774,720.413344,830.517041
775,721.37812,831.552243
776,722.342918,832.587422
777,723.307739,833.622579
778,724.272582,834.657714
779,725.237448,835.692825
780,726.202337,836.727915
781,727.167248,837.762981
782,728.132182,838.798026
783,729.097138,839.833048
784,730.062116,840.868047
785,731.027117,841.903025
786,731.99214,842.93798
787,732.957185,843.972913
788,733.922252,845.007823
789,734.887342,846.042712
790,735.852454,847.077578
791,736.817588,848.112423
792,737.782743,849.147245
793,738.747921,850.182046
794,739.713121,851.216824
795,740.678343,852.251581
796,741.643586,853.286316
797,742.608852,854.321029
798,743.574139,855.355721
799,744.539448,856.39039
800,745.504779,857.425038
801,746.470131,858.459665
802,747.435505,859.49427
803,748.4009,860.528853
804,749.366317,861.563415
805,750.331756,862.597955
806,751.297216,863.632474
807,752.262697,864.666971
808,753.2282,865.701447
809,754.193725,866.735902
810,755.15927,867.770336
811,756.124837,868.804748
812,757.090425,869.839139
813,758.056034,870.873509
814,759.021664,871.907858
815,759.987316,872.942186
816,760.952988,873.976493
817,761.918682,875.010778
818,762.884396,876.045043
819,763.850132,877.079287
820,764.815888,878.11351
821,765.781665,879.147712
822,766.747464,880.181894
823,767.713282,881.216054
824,768.679122,882.250194
825,769.644983,883.284314
826,770.610864,884.318412
827,771.576765,885.35249
828,772.542688,886.386547
829,773.508631,887.420584
830,774.474594,888.454601
831,775.440578,889.488596
832,776.406583,890.522572
833,777.372607,891.556527
834,778.338653,892.590462
835,779.304718,893.624376
836,780.270804,894.65827
837,781.23691,895.692144
838,782.203037,896.725998
839,783.169184,897.759831
840,784.13535,898.793644
841,785.101537,899.827438
842,786.067744,900.861211
843,787.033972,901.894964
844,788.000219,902.928697
845,788.966486,903.96241
846,789.932773,904.996103
847,790.89908,906.029777
848,791.865407,907.06343
849,792.831754,908.097064
850,793.79812,909.130678
851,794.764507,910.164272
852,795.730913,911.197847
853,796.697339,912.231401
854,797.663784,913.264936
855,798.630249,914.298452
856,799.596734,915.331948
857,800.563238,916.365424
858,801.529762,917.398881
859,802.496306,918.432319
860,803.462869,919.465737
861,804.429451,920.499135
862,805.396053,921.532514
863,806.362674,922.565874
864,807.329314,923.599215
865,808.295974,924.632536
866,809.262653,925.665838
867,810.229351,926.699121
868,811.196068,927.732385
869,812.162805,928.765629
870,813.129561,929.798855
871,814.096336,930.832061
872,815.063129,931.865249
873,816.029942,932.898417
874,816.996774,933.931566
875,817.963625,934.964697
876,818.930495,935.997808
877,819.897384,937.030901
878,820.864292,938.063975
879,821.831218,939.09703
880,822.798163,940.130066
881,823.765127,941.163083
882,824.73211,942.196082
883,825.699112,943.229062
884,826.666132,944.262023
885,827.633171,945.294966
886,828.600228,946.32789
887,829.567304,947.360796
888,830.534399,948.393683
889,831.501512,949.426552
890,832.468644,950.459402
891,833.435794,951.492234
892,834.402963,952.525047
893,835.370149,953.557842
894,836.337355,954.590618
895,837.304578,955.623377
896,838.27182,956.656117
897,839.239081,957.688838
898,840.206359,958.721542
899,841.173656,959.754227
900,842.140971,960.786895
901,843.108304,961.819544
902,844.075655,962.852175
903,845.043024,963.884788
904,846.010412,964.917382
905,846.977817,965.949959
906,847.94524,966.982518
907,848.912682,968.015059
908,849.880141,969.047582
909,850.847618,970.080087
910,851.815113,971.112575
911,852.782626,972.145044
912,853.750157,973.177496
913,854.717706,974.20993
914,855.685272,975.242346
915,856.652856,976.274744
916,857.620458,977.307125
917,858.588078,978.339488
918,859.555715,979.371833
919,860.52337,980.404161
920,861.491042,981.436472
921,862.458732,982.468764
922,863.426439,983.50104
923,864.394164,984.533297
924,865.361907,985.565538
925,866.329667,986.597761
926,867.297444,987.629966
927,868.265239,988.662154
928,869.233051,989.694325
929,870.20088,990.726479
930,871.168727,991.758615
931,872.136591,992.790734
932,873.104473,993.822835
933,874.072371,994.85492
934,875.040287,995.886987
935,876.00822,996.919037
936,876.97617,997.95107
937,877.944137,998.983086
938,878.912121,1000.015085
939,879.880123,1001.047067
940,880.848141,1002.079032
941,881.816176,1003.11098
942,882.784229,1004.142911
943,883.752298,1005.174825
944,884.720384,1006.206722
945,885.688488,1007.238602
946,886.656608,1008.270465
947,887.624744,1009.302312
948,888.592898,1010.334142
949,889.561069,1011.365955
950,890.529256,1012.397751
951,891.49746,1013.42953
952,892.465681,1014.461293
953,893.433918,1015.493039
954,894.402172,1016.524769
955,895.370443,1017.556482
956,896.33873,1018.588178
957,897.307034,1019.619858
958,898.275354,1020.651521
959,899.243691,1021.683168
960,900.212045,1022.714798
961,901.180415,1023.746412
962,902.148801,1024.778009
963,903.117204,1025.80959
964,904.085624,1026.841155
965,905.054059,1027.872703
966,906.022511,1028.904235
967,906.99098,1029.93575
968,907.959464,1030.96725
969,908.927965,1031.998733
970,909.896482,1033.0302
971,910.865016,1034.06165
972,911.833565,1035.093085
973,912.802131,1036.124503
974,913.770713,1037.155905
975,914.739311,1038.187291
976,915.707925,1039.218661
977,916.676555,1040.250015
978,917.645202,1041.281353
979,918.613864,1042.312675
980,919.582542,1043.343981
981,920.551236,1044.375271
982,921.519947,1045.406545
983,922.488673,1046.437803
984,923.457415,1047.469045
985,924.426173,1048.500272
986,925.394947,1049.531482
987,926.363736,1050.562677
988,927.332542,1051.593856
989,928.301363,1052.625019
990,929.2702,1053.656167
991,930.239053,1054.687299
992,931.207921,1055.718415
993,932.176805,1056.749515
994,933.145705,1057.7806
995,934.114621,1058.811669
996,935.083552,1059.842723
997,936.052498,1060.87376
998,937.021461,1061.904783
999,937.990438,1062.93579
1000,938.959432,1063.966781
1001,939.928441,1064.997757
1002,940.897465,1066.028718
1003,941.866505,1067.059663
1004,942.83556,1068.090592
1005,943.80463,1069.121506
1006,944.773716,1070.152405
1007,945.742818,1071.183289
1008,946.711934,1072.214157
1009,947.681066,1073.24501
1010,948.650214,1074.275848
1011,949.619376,1075.30667
1012,950.588554,1076.337477
1013,951.557747,1077.368269
1014,952.526955,1078.399046
1015,953.496179,1079.429808
1016,954.465417,1080.460554
1017,955.434671,1081.491285
1018,956.40394,1082.522002
1019,957.373224,1083.552703
1020,958.342523,1084.583389
1021,959.311837,1085.61406
1022,960.281166,1086.644716
1023,961.25051,1087.675357
1024,962.219869,1088.705984
1025,963.189243,1089.736595
1026,964.158632,1090.767191
1027,965.128036,1091.797773
1028,966.097455,1092.828339
1029,967.066888,1093.858891
1030,968.036337,1094.889428
1031,969.0058,1095.91995
1032,969.975278,1096.950457
1033,970.944771,1097.98095
1034,971.914279,1099.011427
1035,972.883801,1100.041891
1036,973.853338,1101.072339
1037,974.82289,1102.102773
1038,975.792457,1103.133192
1039,976.762038,1104.163596
1040,977.731634,1105.193986
1041,978.701244,1106.224361
1042,979.670869,1107.254721
1043,980.640509,1108.285067
1044,981.610163,1109.315399
1045,982.579832,1110.345716
1046,983.549515,1111.376018
1047,984.519213,1112.406307
1048,985.488925,1113.43658
1049,986.458651,1114.466839
1050,987.428392,1115.497084
1051,988.398148,1116.527314
1052,989.367918,1117.55753
1053,990.337702,1118.587732
1054,991.3075,1119.617919
1055,992.277313,1120.648092
1056,993.24714,1121.678251
1057,994.216982,1122.708396
1058,995.186838,1123.738526
1059,996.156708,1124.768642
1060,997.126592,1125.798744
1061,998.09649,1126.828831
1062,999.066403,1127.858905
1063,1000.036329,1128.888964
1064,1001.00627,1129.919009
1065,1001.976225,1130.94904
1066,1002.946195,1131.979057
1067,1003.916178,1133.00906
1068,1004.886175,1134.039049
1069,1005.856186,1135.069024
1070,1006.826212,1136.098985
1071,1007.796251,1137.128931
1072,1008.766304,1138.158864
1073,1009.736372,1139.188783
1074,1010.706453,1140.218688
1075,1011.676548,1141.248579
1076,1012.646657,1142.278457
1077,1013.61678,1143.30832
1078,1014.586917,1144.338169
1079,1015.557068,1145.368005
1080,1016.527232,1146.397827
1081,1017.49741,1147.427635
1082,1018.467603,1148.457429
1083,1019.437808,1149.48721
1084,1020.408028,1150.516977
1085,1021.378261,1151.54673
1086,1022.348509,1152.576469
1087,1023.318769,1153.606195
1088,1024.289044,1154.635907
1089,1025.259332,1155.665605
1090,1026.229634,1156.69529
1091,1027.199949,1157.724961
1092,1028.170278,1158.754619
1093,1029.140621,1159.784263
1094,1030.110977,1160.813893
1095,1031.081347,1161.84351
1096,1032.05173,1162.873114
1097,1033.022127,1163.902704
1098,1033.992537,1164.93228
1099,1034.96296,1165.961843
1100,1035.933398,1166.991393
1101,1036.903848,1168.020929
1102,1037.874312,1169.050452
1103,1038.84479,1170.079961
1104,1039.81528,1171.109457
1105,1040.785785,1172.13894
1106,1041.756302,1173.168409
1107,1042.726833,1174.197865
1108,1043.697377,1175.227308
1109,1044.667934,1176.256737
1110,1045.638505,1177.286153
1111,1046.609089,1178.315556
1112,1047.579686,1179.344946
1113,1048.550297,1180.374323
1114,1049.52092,1181.403686
1115,1050.491557,1182.433036
1116,1051.462207,1183.462373
1117,1052.43287,1184.491697
1118,1053.403546,1185.521008
1119,1054.374236,1186.550306
1120,1055.344938,1187.57959
1121,1056.315654,1188.608862
1122,1057.286382,1189.638121
1123,1058.257124,1190.667366
1124,1059.227879,1191.696599
1125,1060.198646,1192.725818
1126,1061.169427,1193.755025
1127,1062.140221,1194.784218
1128,1063.111027,1195.813399
1129,1064.081847,1196.842567
1130,1065.052679,1197.871721
1131,1066.023525,1198.900863
1132,1066.994383,1199.929992
1133,1067.965254,1200.959109
1134,1068.936138,1201.988212
1135,1069.907035,1203.017302
1136,1070.877944,1204.04638
1137,1071.848867,1205.075445
1138,1072.819802,1206.104497
1139,1073.79075,1207.133537
1140,1074.761711,1208.162563
1141,1075.732684,1209.191577
1142,1076.70367,1210.220579
1143,1077.674669,1211.249567
1144,1078.645681,1212.278543
1145,1079.616705,1213.307506
1146,1080.587742,1214.336457
1147,1081.558791,1215.365395
1148,1082.529854,1216.39432
1149,1083.500928,1217.423233
1150,1084.472016,1218.452134
1151,1085.443116,1219.481021
1152,1086.414228,1220.509896
1153,1087.385353,1221.538759
1154,1088.356491,1222.567609
1155,1089.327641,1223.596447
1156,1090.298803,1224.625272
1157,1091.269978,1225.654085
1158,1092.241166,1226.682885
1159,1093.212365,1227.711673
1160,1094.183578,1228.740448
1161,1095.154802,1229.769211
1162,1096.12604,1230.797962
1163,1097.097289,1231.8267
1164,1098.068551,1232.855426
1165,1099.039825,1233.88414
1166,1100.011112,1234.912841
1167,1100.98241,1235.94153
1168,1101.953722,1236.970207
1169,1102.925045,1237.998872
1170,1103.896381,1239.027524
1171,1104.867728,1240.056164
1172,1105.839089,1241.084792
1173,1106.810461,1242.113407
1174,1107.781846,1243.142011
1175,1108.753242,1244.170602
1176,1109.724651,1245.199181
1177,1110.696072,1246.227748
1178,1111.667505,1247.256303
1179,1112.638951,1248.284845
1180,1113.610408,1249.313376
1181,1114.581878,1250.341895
1182,1115.553359,1251.370401
1183,1116.524853,1252.398895
1184,1117.496359,1253.427378
1185,1118.467877,1254.455848
1186,1119.439406,1255.484307
1187,1120.410948,1256.512753
1188,1121.382502,1257.541187
1189,1122.354068,1258.56961
1190,1123.325645,1259.59802
1191,1124.297235,1260.626419
1192,1125.268836,1261.654806
1193,1126.24045,1262.68318
1194,1127.212075,1263.711543
1195,1128.183713,1264.739894
1196,1129.155362,1265.768234
1197,1130.127023,1266.796561
1198,1131.098695,1267.824876
1199,1132.07038,1268.85318
1200,1133.042077,1269.881472
1201,1134.013785,1270.909752
1202,1134.985505,1271.938021
1203,1135.957236,1272.966277
1204,1136.92898,1273.994522
1205,1137.900735,1275.022755
1206,1138.872502,1276.050977
1207,1139.844281,1277.079187
1208,1140.816071,1278.107385
1209,1141.787873,1279.135571
1210,1142.759687,1280.163746
1211,1143.731512,1281.191909
1212,1144.703349,1282.220061
1213,1145.675198,1283.248201
1214,1146.647058,1284.276329
1215,1147.61893,1285.304446
1216,1148.590813,1286.332551
1217,1149.562708,1287.360645
1218,1150.534615,1288.388727
1219,1151.506533,1289.416798
1220,1152.478462,1290.444857
1221,1153.450403,1291.472904
1222,1154.422356,1292.50094
1223,1155.39432,1293.528965
1224,1156.366295,1294.556978
1225,1157.338282,1295.58498
1226,1158.31028,1296.612971
1227,1159.28229,1297.64095
1228,1160.254311,1298.668917
1229,1161.226344,1299.696873
1230,1162.198387,1300.724818
1231,1163.170443,1301.752752
1232,1164.142509,1302.780674
1233,1165.114587,1303.808585
1234,1166.086677,1304.836484
1235,1167.058777,1305.864373
1236,1168.030889,1306.89225
1237,1169.003012,1307.920115
1238,1169.975147,1308.94797
1239,1170.947292,1309.975813
1240,1171.919449,1311.003645
1241,1172.891617,1312.031466
1242,1173.863797,1313.059275
1243,1174.835987,1314.087074
1244,1175.808189,1315.114861
1245,1176.780402,1316.142637
1246,1177.752626,1317.170402
1247,1178.724861,1318.198156
1248,1179.697108,1319.225898
1249,1180.669365,1320.25363
1250,1181.641634,1321.28135
1251,1182.613913,1322.30906
1252,1183.586204,1323.336758
1253,1184.558506,1324.364445
1254,1185.530819,1325.392122
1255,1186.503143,1326.419787
1256,1187.475478,1327.447441
1257,1188.447824,1328.475084
1258,1189.420181,1329.502716
1259,1190.392548,1330.530338
1260,1191.364927,1331.557948
1261,1192.337317,1332.585547
1262,1193.309718,1333.613136
1263,1194.28213,1334.640713
1264,1195.254552,1335.66828
1265,1196.226986,1336.695835
1266,1197.19943,1337.72338
1267,1198.171886,1338.750914
1268,1199.144352,1339.778437
1269,1200.116829,1340.805949
1270,1201.089317,1341.833451
1271,1202.061816,1342.860941
1272,1203.034325,1343.888421
1273,1204.006846,1344.91589
1274,1204.979377,1345.943348
1275,1205.951919,1346.970796
1276,1206.924471,1347.998232
1277,1207.897035,1349.025658
1278,1208.869609,1350.053073
1279,1209.842194,1351.080478
1280,1210.81479,1352.107872
1281,1211.787396,1353.135255
1282,1212.760013,1354.162627
1283,1213.732641,1355.189989
1284,1214.705279,1356.21734
1285,1215.677928,1357.24468
1286,1216.650588,1358.27201
1287,1217.623258,1359.299329
1288,1218.595939,1360.326638
1289,1219.568631,1361.353936
1290,1220.541333,1362.381223
1291,1221.514046,1363.4085
1292,1222.486769,1364.435767
1293,1223.459503,1365.463022
1294,1224.432247,1366.490268
1295,1225.405002,1367.517502
1296,1226.377767,1368.544726
1297,1227.350543,1369.57194
1298,1228.32333,1370.599143
1299,1229.296127,1371.626336
1300,1230.268934,1372.653518
1301,1231.241752,1373.68069
1302,1232.21458,1374.707852
1303,1233.187419,1375.735003
1304,1234.160268,1376.762143
1305,1235.133128,1377.789273
1306,1236.105997,1378.816393
1307,1237.078878,1379.843503
1308,1238.051768,1380.870602
1309,1239.02467,1381.89769
1310,1239.997581,1382.924769
1311,1240.970503,1383.951837
1312,1241.943435,1384.978895
1313,1242.916377,1386.005942
1314,1243.88933,1387.032979
1315,1244.862293,1388.060006
1316,1245.835266,1389.087023
1317,1246.80825,1390.114029
1318,1247.781243,1391.141025
1319,1248.754248,1392.168011
1320,1249.727262,1393.194986
1321,1250.700286,1394.221952
1322,1251.673321,1395.248907
1323,1252.646366,1396.275852
1324,1253.619421,1397.302787
1325,1254.592486,1398.329712
1326,1255.565562,1399.356626
1327,1256.538647,1400.383531
1328,1257.511743,1401.410425
1329,1258.484849,1402.437309
1330,1259.457965,1403.464183
1331,1260.431091,1404.491047
1332,1261.404227,1405.517901
1333,1262.377373,1406.544745
1334,1263.35053,1407.571579
1335,1264.323696,1408.598402
1336,1265.296872,1409.625216
1337,1266.270059,1410.652019
1338,1267.243255,1411.678813
1339,1268.216462,1412.705597
1340,1269.189678,1413.73237
1341,1270.162905,1414.759134
1342,1271.136141,1415.785888
1343,1272.109388,1416.812631
1344,1273.082644,1417.839365
1345,1274.055911,1418.866089
1346,1275.029187,1419.892803
1347,1276.002473,1420.919507
1348,1276.975769,1421.946201
1349,1277.949075,1422.972885
1350,1278.922391,1423.999559
1351,1279.895717,1425.026224
1352,1280.869053,1426.052878
1353,1281.842398,1427.079523
1354,1282.815754,1428.106158
1355,1283.789119,1429.132783
1356,1284.762494,1430.159398
1357,1285.735879,1431.186004
1358,1286.709274,1432.212599
1359,1287.682678,1433.239185
1360,1288.656092,1434.265761
1361,1289.629516,1435.292327
1362,1290.60295,1436.318884
1363,1291.576394,1437.345431
1364,1292.549847,1438.371968
1365,1293.52331,1439.398495
1366,1294.496783,1440.425013
1367,1295.470265,1441.451521
1368,1296.443757,1442.478019
1369,1297.417259,1443.504508
1370,1298.390771,1444.530987
1371,1299.364292,1445.557456
1372,1300.337823,1446.583915
1373,1301.311363,1447.610365
1374,1302.284913,1448.636806
1375,1303.258473,1449.663237
1376,1304.232043,1450.689658
1377,1305.205622,1451.716069
1378,1306.17921,1452.742471
1379,1307.152808,1453.768864
1380,1308.126416,1454.795246
1381,1309.100033,1455.82162
1382,1310.07366,1456.847983
1383,1311.047296,1457.874338
1384,1312.020942,1458.900682
1385,1312.994598,1459.927018
1386,1313.968263,1460.953343
1387,1314.941937,1461.979659
1388,1315.915621,1463.005966
1389,1316.889314,1464.032263
1390,1317.863017,1465.058551
1391,1318.83673,1466.084829
1392,1319.810451,1467.111098
1393,1320.784183,1468.137358
1394,1321.757923,1469.163608
1395,1322.731673,1470.189848
1396,1323.705433,1471.21608
1397,1324.679202,1472.242302
1398,1325.65298,1473.268514
1399,1326.626768,1474.294717
1400,1327.600565,1475.320911
1401,1328.574371,1476.347095
1402,1329.548187,1477.37327
1403,1330.522012,1478.399436
1404,1331.495846,1479.425593
1405,1332.46969,1480.45174
1406,1333.443543,1481.477877
1407,1334.417405,1482.504006
1408,1335.391277,1483.530125
1409,1336.365157,1484.556235
1410,1337.339048,1485.582336
1411,1338.312947,1486.608427
1412,1339.286856,1487.63451
1413,1340.260773,1488.660583
1414,1341.234701,1489.686646
1415,1342.208637,1490.712701
1416,1343.182582,1491.738746
1417,1344.156537,1492.764783
1418,1345.130501,1493.79081
1419,1346.104474,1494.816827
1420,1347.078456,1495.842836
1421,1348.052448,1496.868836
1422,1349.026448,1497.894826
1423,1350.000458,1498.920807
1424,1350.974477,1499.946779
1425,1351.948505,1500.972742
1426,1352.922542,1501.998696
1427,1353.896588,1503.024641
1428,1354.870644,1504.050577
1429,1355.844708,1505.076504
1430,1356.818781,1506.102421
1431,1357.792864,1507.12833
1432,1358.766955,1508.154229
1433,1359.741056,1509.18012
1434,1360.715166,1510.206001
1435,1361.689284,1511.231873
1436,1362.663412,1512.257737
1437,1363.637549,1513.283591
1438,1364.611694,1514.309437
1439,1365.585849,1515.335273
1440,1366.560013,1516.361101
1441,1367.534185,1517.386919
1442,1368.508367,1518.412729
1443,1369.482558,1519.438529
1444,1370.456757,1520.464321
1445,1371.430965,1521.490104
1446,1372.405183,1522.515878
1447,1373.379409,1523.541643
1448,1374.353644,1524.567399
1449,1375.327888,1525.593146
1450,1376.302141,1526.618884
1451,1377.276403,1527.644613
1452,1378.250674,1528.670334
1453,1379.224953,1529.696046
1454,1380.199242,1530.721749
1455,1381.173539,1531.747443
1456,1382.147845,1532.773128
1457,1383.12216,1533.798804
1458,1384.096484,1534.824472
1459,1385.070816,1535.85013
1460,1386.045157,1536.87578
1461,1387.019508,1537.901422
1462,1387.993866,1538.927054
1463,1388.968234,1539.952678
1464,1389.94261,1540.978293
1465,1390.916996,1542.003899
1466,1391.891389,1543.029496
1467,1392.865792,1544.055085
1468,1393.840203,1545.080665
1469,1394.814624,1546.106237
1470,1395.789052,1547.131799
1471,1396.76349,1548.157353
1472,1397.737936,1549.182898
1473,1398.712391,1550.208435
1474,1399.686854,1551.233963
1475,1400.661326,1552.259482
1476,1401.635807,1553.284993
1477,1402.610297,1554.310495
1478,1403.584795,1555.335988
1479,1404.559302,1556.361473
1480,1405.533817,1557.386949
1481,1406.508341,1558.412417
1482,1407.482873,1559.437876
1483,1408.457415,1560.463326
1484,1409.431964,1561.488768
1485,1410.406523,1562.514201
1486,1411.381089,1563.539626
1487,1412.355665,1564.565042
1488,1413.330249,1565.590449
1489,1414.304841,1566.615848
1490,1415.279442,1567.641239
1491,1416.254052,1568.666621
1492,1417.22867,1569.691994
1493,1418.203297,1570.717359
1494,1419.177932,1571.742716
1495,1420.152575,1572.768064
1496,1421.127227,1573.793404
1497,1422.101888,1574.818735
1498,1423.076557,1575.844057
1499,1424.051234,1576.869371
1500,1425.02592,1577.894677
1501,1426.000615,1578.919975
1502,1426.975317,1579.945263
1503,1427.950029,1580.970544
1504,1428.924748,1581.995816
1505,1429.899476,1583.02108
1506,1430.874213,1584.046335
1507,1431.848957,1585.071582
1508,1432.82371,1586.096821
1509,1433.798472,1587.122051
1510,1434.773242,1588.147273
1511,1435.74802,1589.172486
1512,1436.722807,1590.197691
1513,1437.697602,1591.222888
1514,1438.672405,1592.248077
1515,1439.647216,1593.273257
1516,1440.622036,1594.298429
1517,1441.596865,1595.323592
1518,1442.571701,1596.348748
1519,1443.546546,1597.373895
1520,1444.521399,1598.399034
1521,1445.49626,1599.424164
1522,1446.47113,1600.449286
1523,1447.446008,1601.4744
1524,1448.420894,1602.499506
1525,1449.395788,1603.524604
1526,1450.370691,1604.549693
1527,1451.345601,1605.574774
1528,1452.32052,1606.599847
1529,1453.295448,1607.624912
1530,1454.270383,1608.649968
1531,1455.245327,1609.675016
1532,1456.220278,1610.700057
1533,1457.195238,1611.725088
1534,1458.170206,1612.750112
1535,1459.145183,1613.775128
1536,1460.120167,1614.800135
1537,1461.09516,1615.825135
1538,1462.07016,1616.850126
1539,1463.045169,1617.875109
1540,1464.020186,1618.900084
1541,1464.995211,1619.925051
1542,1465.970244,1620.95001
1543,1466.945286,1621.974961
1544,1467.920335,1622.999903
1545,1468.895392,1624.024838
1546,1469.870458,1625.049765
1547,1470.845531,1626.074683
1548,1471.820613,1627.099593
1549,1472.795703,1628.124496
1550,1473.7708,1629.14939
1551,1474.745906,1630.174277
1552,1475.72102,1631.199155
1553,1476.696142,1632.224025
1554,1477.671271,1633.248887
1555,1478.646409,1634.273742
1556,1479.621555,1635.298588
1557,1480.596709,1636.323426
1558,1481.571871,1637.348257
1559,1482.54704,1638.373079
1560,1483.522218,1639.397894
1561,1484.497404,1640.4227
1562,1485.472597,1641.447499
1563,1486.447799,1642.472289
1564,1487.423008,1643.497072
1565,1488.398226,1644.521847
1566,1489.373451,1645.546614
1567,1490.348684,1646.571373
1568,1491.323925,1647.596124
1569,1492.299174,1648.620867
1570,1493.274431,1649.645602
1571,1494.249696,1650.67033
1572,1495.224968,1651.695049
1573,1496.200249,1652.719761
1574,1497.175537,1653.744465
1575,1498.150834,1654.769161
1576,1499.126138,1655.793849
1577,1500.101449,1656.818529
1578,1501.076769,1657.843202
1579,1502.052097,1658.867867
1580,1503.027432,1659.892524
1581,1504.002775,1660.917173
1582,1504.978126,1661.941814
1583,1505.953485,1662.966448
1584,1506.928851,1663.991074
1585,1507.904226,1665.015692
1586,1508.879608,1666.040302
1587,1509.854998,1667.064904
1588,1510.830395,1668.089499
1589,1511.805801,1669.114086
1590,1512.781214,1670.138665
1591,1513.756634,1671.163237
1592,1514.732063,1672.187801
1593,1515.707499,1673.212357
1594,1516.682943,1674.236905
1595,1517.658395,1675.261446
1596,1518.633854,1676.285979
1597,1519.609321,1677.310505
1598,1520.584796,1678.335022
1599,1521.560278,1679.359532
1600,1522.535768,1680.384035
1601,1523.511266,1681.408529
1602,1524.486771,1682.433016
1603,1525.462284,1683.457496
1604,1526.437805,1684.481968
1605,1527.413333,1685.506432
1606,1528.388869,1686.530888
1607,1529.364413,1687.555337
1608,1530.339964,1688.579779
1609,1531.315523,1689.604212
1610,1532.291089,1690.628639
1611,1533.266663,1691.653057
1612,1534.242244,1692.677468
1613,1535.217833,1693.701872
1614,1536.19343,1694.726268
1615,1537.169034,1695.750656
1616,1538.144646,1696.775037
1617,1539.120265,1697.79941
1618,1540.095892,1698.823776
1619,1541.071526,1699.848134
1620,1542.047168,1700.872485
1621,1543.022818,1701.896828
1622,1543.998474,1702.921163
1623,1544.974139,1703.945492
1624,1545.949811,1704.969812
1625,1546.92549,1705.994126
1626,1547.901177,1707.018431
1627,1548.876871,1708.04273
1628,1549.852573,1709.06702
1629,1550.828283,1710.091304
1630,1551.803999,1711.11558
1631,1552.779723,1712.139848
1632,1553.755455,1713.164109
1633,1554.731194,1714.188363
1634,1555.706941,1715.212609
1635,1556.682695,1716.236848
1636,1557.658456,1717.261079
1637,1558.634225,1718.285303
1638,1559.610001,1719.309519
1639,1560.585784,1720.333728
1640,1561.561575,1721.35793
1641,1562.537374,1722.382125
1642,1563.513179,1723.406312
1643,1564.488992,1724.430491
1644,1565.464813,1725.454664
1645,1566.44064,1726.478829
1646,1567.416475,1727.502986
1647,1568.392318,1728.527137
1648,1569.368168,1729.55128
1649,1570.344025,1730.575415
1650,1571.319889,1731.599544
1651,1572.295761,1732.623665
1652,1573.27164,1733.647778
1653,1574.247526,1734.671885
1654,1575.22342,1735.695984
1655,1576.199321,1736.720076
1656,1577.175229,1737.74416
1657,1578.151145,1738.768238
1658,1579.127067,1739.792308
1659,1580.102997,1740.816371
1660,1581.078935,1741.840426
1661,1582.054879,1742.864475
1662,1583.030831,1743.888516
1663,1584.00679,1744.91255
1664,1584.982756,1745.936576
1665,1585.958729,1746.960596
1666,1586.93471,1747.984608
1667,1587.910698,1749.008613
1668,1588.886693,1750.032611
1669,1589.862695,1751.056601
1670,1590.838705,1752.080585
1671,1591.814721,1753.104561
1672,1592.790745,1754.12853
1673,1593.766776,1755.152492
1674,1594.742814,1756.176447
1675,1595.718859,1757.200395
1676,1596.694912,1758.224335
1677,1597.670971,1759.248268
1678,1598.647038,1760.272195
1679,1599.623112,1761.296114
1680,1600.599193,1762.320026
1681,1601.575281,1763.343931
1682,1602.551376,1764.367828
1683,1603.527479,1765.391719
1684,1604.503588,1766.415603
1685,1605.479704,1767.439479
1686,1606.455828,1768.463349
1687,1607.431959,1769.487211
1688,1608.408096,1770.511066
1689,1609.384241,1771.534914
1690,1610.360393,1772.558756
1691,1611.336552,1773.58259
1692,1612.312718,1774.606417
1693,1613.288891,1775.630237
1694,1614.265071,1776.65405
1695,1615.241258,1777.677856
1696,1616.217452,1778.701655
1697,1617.193653,1779.725447
1698,1618.169862,1780.749231
1699,1619.146077,1781.773009
1700,1620.122299,1782.79678
1701,1621.098528,1783.820544
1702,1622.074764,1784.844301
1703,1623.051007,1785.868051
1704,1624.027257,1786.891794
1705,1625.003514,1787.91553
1706,1625.979778,1788.939259
1707,1626.956049,1789.962982
1708,1627.932327,1790.986697
1709,1628.908612,1792.010405
1710,1629.884904,1793.034106
1711,1630.861203,1794.057801
1712,1631.837508,1795.081488
1713,1632.813821,1796.105169
1714,1633.79014,1797.128843
1715,1634.766467,1798.152509
1716,1635.7428,1799.176169
1717,1636.71914,1800.199822
1718,1637.695487,1801.223468
1719,1638.671841,1802.247108
1720,1639.648202,1803.27074
1721,1640.62457,1804.294365
1722,1641.600944,1805.317984
1723,1642.577326,1806.341596
1724,1643.553714,1807.365201
1725,1644.530109,1808.388799
1726,1645.506511,1809.41239
1727,1646.48292,1810.435975
1728,1647.459336,1811.459552
1729,1648.435758,1812.483123
1730,1649.412187,1813.506687
1731,1650.388624,1814.530244
1732,1651.365066,1815.553794
1733,1652.341516,1816.577338
1734,1653.317973,1817.600875
1735,1654.294436,1818.624405
1736,1655.270906,1819.647928
1737,1656.247383,1820.671444
1738,1657.223867,1821.694954
1739,1658.200357,1822.718457
1740,1659.176854,1823.741953
1741,1660.153358,1824.765443
1742,1661.129869,1825.788925
1743,1662.106386,1826.812401
1744,1663.08291,1827.835871
1745,1664.059441,1828.859333
1746,1665.035979,1829.882789
1747,1666.012523,1830.906238
1748,1666.989074,1831.92968
1749,1667.965632,1832.953116
1750,1668.942196,1833.976545
1751,1669.918767,1834.999967
1752,1670.895345,1836.023383
1753,1671.871929,1837.046792
1754,1672.848521,1838.070194
1755,1673.825118,1839.093589
1756,1674.801723,1840.116978
1757,1675.778334,1841.140361
1758,1676.754952,1842.163736
1759,1677.731576,1843.187105
1760,1678.708207,1844.210467
1761,1679.684845,1845.233823
1762,1680.66149,1846.257172
1763,1681.638141,1847.280515
1764,1682.614798,1848.30385
1765,1683.591462,1849.32718
1766,1684.568133,1850.350502
1767,1685.544811,1851.373818
1768,1686.521495,1852.397128
1769,1687.498185,1853.42043
1770,1688.474883,1854.443727
1771,1689.451587,1855.467016
1772,1690.428297,1856.490299
1773,1691.405014,1857.513576
1774,1692.381737,1858.536846
1775,1693.358468,1859.560109
1776,1694.335204,1860.583366
1777,1695.311947,1861.606617
1778,1696.288697,1862.62986
1779,1697.265453,1863.653098
1780,1698.242216,1864.676328
1781,1699.218986,1865.699552
1782,1700.195762,1866.72277
1783,1701.172544,1867.745981
1784,1702.149333,1868.769186
1785,1703.126128,1869.792384
1786,1704.10293,1870.815576
1787,1705.079738,1871.838761
1788,1706.056553,1872.86194
1789,1707.033375,1873.885112
1790,1708.010203,1874.908278
1791,1708.987037,1875.931437
1792,1709.963878,1876.95459
1793,1710.940725,1877.977736
1794,1711.917579,1879.000876
1795,1712.894439,1880.02401
1796,1713.871305,1881.047137
1797,1714.848178,1882.070257
1798,1715.825058,1883.093371
1799,1716.801944,1884.116479
1800,1717.778836,1885.13958
1801,1718.755735,1886.162675
1802,1719.73264,1887.185764
1803,1720.709552,1888.208846
1804,1721.686469,1889.231922
1805,1722.663394,1890.254991
1806,1723.640325,1891.278054
1807,1724.617262,1892.30111
1808,1725.594205,1893.324161
1809,1726.571155,1894.347204
1810,1727.548111,1895.370242
1811,1728.525074,1896.393273
1812,1729.502043,1897.416298
1813,1730.479018,1898.439316
1814,1731.456,1899.462328
1815,1732.432988,1900.485334
1816,1733.409982,1901.508333
1817,1734.386983,1902.531326
1818,1735.36399,1903.554313
1819,1736.341004,1904.577293
1820,1737.318023,1905.600267
1821,1738.295049,1906.623235
1822,1739.272082,1907.646196
1823,1740.24912,1908.669152
1824,1741.226165,1909.6921
1825,1742.203216,1910.715043
1826,1743.180274,1911.737979
1827,1744.157338,1912.760909
1828,1745.134408,1913.783833
1829,1746.111484,1914.806751
1830,1747.088566,1915.829662
1831,1748.065655,1916.852567
1832,1749.04275,1917.875465
1833,1750.019852,1918.898358
1834,1750.996959,1919.921244
1835,1751.974073,1920.944124
1836,1752.951193,1921.966998
1837,1753.92832,1922.989865
1838,1754.905452,1924.012727
1839,1755.882591,1925.035582
1840,1756.859736,1926.058431
1841,1757.836887,1927.081273
1842,1758.814044,1928.10411
1843,1759.791208,1929.12694
1844,1760.768378,1930.149764
1845,1761.745554,1931.172582
1846,1762.722736,1932.195394
1847,1763.699924,1933.2182
1848,1764.677119,1934.240999
1849,1765.654319,1935.263792
1850,1766.631526,1936.286579
1851,1767.608739,1937.30936
1852,1768.585958,1938.332135
1853,1769.563184,1939.354903
1854,1770.540415,1940.377666
1855,1771.517653,1941.400422
1856,1772.494896,1942.423173
1857,1773.472146,1943.445917
1858,1774.449402,1944.468655
1859,1775.426664,1945.491386
1860,1776.403933,1946.514112
1861,1777.381207,1947.536832
1862,1778.358487,1948.559545
1863,1779.335774,1949.582253
1864,1780.313066,1950.604954
1865,1781.290365,1951.627649
1866,1782.26767,1952.650339
1867,1783.244981,1953.673022
1868,1784.222298,1954.695699
1869,1785.199621,1955.71837
1870,1786.17695,1956.741035
1871,1787.154285,1957.763693
1872,1788.131626,1958.786346
1873,1789.108974,1959.808993
1874,1790.086327,1960.831634
1875,1791.063686,1961.854268
1876,1792.041052,1962.876897
1877,1793.018423,1963.89952
1878,1793.995801,1964.922136
1879,1794.973184,1965.944747
1880,1795.950573,1966.967351
1881,1796.927969,1967.98995
1882,1797.90537,1969.012542
1883,1798.882778,1970.035129
1884,1799.860192,1971.057709
1885,1800.837611,1972.080284
1886,1801.815037,1973.102853
1887,1802.792468,1974.125415
1888,1803.769905,1975.147972
1889,1804.747349,1976.170522
1890,1805.724798,1977.193067
1891,1806.702254,1978.215606
1892,1807.679715,1979.238139
1893,1808.657182,1980.260665
1894,1809.634656,1981.283186
1895,1810.612135,1982.305701
1896,1811.58962,1983.32821
1897,1812.567111,1984.350713
1898,1813.544608,1985.37321
1899,1814.522111,1986.395702
1900,1815.49962,1987.418187
1901,1816.477135,1988.440666
1902,1817.454655,1989.46314
1903,1818.432182,1990.485607
1904,1819.409714,1991.508069
1905,1820.387253,1992.530525
1906,1821.364797,1993.552975
1907,1822.342347,1994.575419
1908,1823.319903,1995.597857
1909,1824.297465,1996.620289
1910,1825.275033,1997.642715
1911,1826.252607,1998.665136
1912,1827.230186,1999.68755
1913,1828.207772,2000.709959
1914,1829.185363,2001.732362
1915,1830.16296,2002.754759
1916,1831.140563,2003.77715
1917,1832.118172,2004.799536
1918,1833.095787,2005.821915
1919,1834.073407,2006.844289
1920,1835.051033,2007.866657
1921,1836.028666,2008.889019
1922,1837.006304,2009.911375
1923,1837.983947,2010.933726
1924,1838.961597,2011.95607
1925,1839.939252,2012.978409
1926,1840.916914,2014.000742
1927,1841.894581,2015.023069
1928,1842.872254,2016.045391
1929,1843.849932,2017.067706
1930,1844.827617,2018.090016
1931,1845.805307,2019.11232
1932,1846.783003,2020.134619
1933,1847.760704,2021.156911
1934,1848.738412,2022.179198
1935,1849.716125,2023.201479
1936,1850.693844,2024.223754
1937,1851.671569,2025.246024
1938,1852.6493,2026.268288
1939,1853.627036,2027.290546
1940,1854.604778,2028.312798
1941,1855.582526,2029.335045
1942,1856.560279,2030.357286
1943,1857.538038,2031.379521
1944,1858.515803,2032.40175
1945,1859.493574,2033.423974
1946,1860.47135,2034.446192
1947,1861.449132,2035.468404
1948,1862.42692,2036.490611
1949,1863.404713,2037.512812
1950,1864.382513,2038.535007
1951,1865.360317,2039.557196
1952,1866.338128,2040.57938
1953,1867.315944,2041.601558
1954,1868.293766,2042.623731
1955,1869.271594,2043.645897
1956,1870.249427,2044.668059
1957,1871.227266,2045.690214
1958,1872.205111,2046.712364
1959,1873.182961,2047.734508
1960,1874.160817,2048.756647
1961,1875.138678,2049.778779
1962,1876.116545,2050.800907
1963,1877.094418,2051.823028
1964,1878.072297,2052.845144
1965,1879.050181,2053.867255
1966,1880.028071,2054.889359
1967,1881.005966,2055.911458
1968,1881.983867,2056.933552
1969,1882.961773,2057.95564
1970,1883.939686,2058.977722
1971,1884.917603,2059.999799
1972,1885.895527,2061.02187
1973,1886.873456,2062.043935
1974,1887.85139,2063.065995
1975,1888.829331,2064.088049
1976,1889.807276,2065.110098
1977,1890.785228,2066.132141
1978,1891.763185,2067.154179
1979,1892.741147,2068.176211
1980,1893.719115,2069.198237
1981,1894.697089,2070.220258
1982,1895.675068,2071.242273
1983,1896.653053,2072.264283
1984,1897.631043,2073.286287
1985,1898.609039,2074.308286
1986,1899.58704,2075.330279
1987,1900.565047,2076.352267
1988,1901.543059,2077.374249
1989,1902.521077,2078.396225
1990,1903.499101,2079.418196
1991,1904.47713,2080.440162
1992,1905.455165,2081.462122
1993,1906.433205,2082.484076
1994,1907.41125,2083.506025
1995,1908.389301,2084.527969
1996,1909.367358,2085.549907
1997,1910.34542,2086.571839
1998,1911.323487,2087.593766
1999,1912.30156,2088.615688
2000,1913.279639,2089.637604
2001,1914.257723,2090.659514
2002,1915.235812,2091.68142
2003,1916.213907,2092.703319
2004,1917.192008,2093.725213
2005,1918.170114,2094.747102
2006,1919.148225,2095.768985
2007,1920.126342,2096.790863
2008,1921.104464,2097.812735
2009,1922.082592,2098.834602
2010,1923.060725,2099.856464
2011,1924.038864,2100.87832
2012,1925.017008,2101.90017
2013,1925.995157,2102.922016
2014,1926.973312,2103.943855
2015,1927.951472,2104.96569
2016,1928.929638,2105.987519
2017,1929.907809,2107.009342
2018,1930.885986,2108.03116
2019,1931.864168,2109.052973
2020,1932.842355,2110.07478
2021,1933.820548,2111.096582
2022,1934.798746,2112.118379
2023,1935.776949,2113.14017
2024,1936.755158,2114.161956
2025,1937.733373,2115.183736
2026,1938.711592,2116.205511
2027,1939.689817,2117.22728
2028,1940.668048,2118.249045
2029,1941.646284,2119.270804
2030,1942.624525,2120.292557
2031,1943.602771,2121.314305
2032,1944.581023,2122.336048
2033,1945.55928,2123.357786
2034,1946.537543,2124.379518
2035,1947.515811,2125.401245
2036,1948.494084,2126.422966
2037,1949.472363,2127.444682
2038,1950.450647,2128.466393
2039,1951.428936,2129.488098
2040,1952.407231,2130.509799
2041,1953.38553,2131.531493
2042,1954.363836,2132.553183
2043,1955.342146,2133.574867
2044,1956.320462,2134.596546
2045,1957.298783,2135.61822
2046,1958.27711,2136.639888
2047,1959.255441,2137.661551
2048,1960.233778,2138.683209
2049,1961.212121,2139.704861
2050,1962.190468,2140.726508
2051,1963.168821,2141.74815
2052,1964.147179,2142.769787
2053,1965.125543,2143.791418
2054,1966.103911,2144.813044
2055,1967.082285,2145.834665
2056,1968.060665,2146.856281
2057,1969.039049,2147.877891
2058,1970.017439,2148.899496
2059,1970.995834,2149.921096
2060,1971.974234,2150.94269
2061,1972.95264,2151.96428
2062,1973.93105,2152.985864
2063,1974.909466,2154.007443
2064,1975.887887,2155.029016
2065,1976.866314,2156.050585
2066,1977.844745,2157.072148
2067,1978.823182,2158.093706
2068,1979.801624,2159.115259
2069,1980.780072,2160.136806
2070,1981.758524,2161.158349
2071,1982.736982,2162.179886
2072,1983.715445,2163.201418
2073,1984.693913,2164.222945
2074,1985.672386,2165.244466
2075,1986.650865,2166.265982
2076,1987.629348,2167.287494
2077,1988.607837,2168.309
2078,1989.586331,2169.330501
2079,1990.56483,2170.351996
2080,1991.543335,2171.373487
2081,1992.521844,2172.394972
2082,1993.500359,2173.416452
2083,1994.478879,2174.437927
2084,1995.457404,2175.459397
2085,1996.435934,2176.480862
2086,1997.414469,2177.502322
2087,1998.39301,2178.523776
2088,1999.371555,2179.545225
2089,2000.350106,2180.56667
2090,2001.328662,2181.588109
2091,2002.307223,2182.609543
2092,2003.285789,2183.630971
2093,2004.26436,2184.652395
2094,2005.242937,2185.673814
2095,2006.221518,2186.695227
2096,2007.200105,2187.716635
2097,2008.178696,2188.738039
2098,2009.157293,2189.759437
2099,2010.135895,2190.78083
2100,2011.114502,2191.802218
2101,2012.093114,2192.823601
2102,2013.071731,2193.844978
2103,2014.050354,2194.866351
2104,2015.028981,2195.887719
2105,2016.007613,2196.909081
2106,2016.986251,2197.930439
2107,2017.964893,2198.951791
2108,2018.943541,2199.973138
2109,2019.922194,2200.994481
2110,2020.900852,2202.015818
2111,2021.879514,2203.03715
2112,2022.858182,2204.058477
2113,2023.836855,2205.079799
2114,2024.815533,2206.101116
2115,2025.794216,2207.122428
2116,2026.772904,2208.143735
2117,2027.751597,2209.165037
2118,2028.730296,2210.186334
2119,2029.708999,2211.207626
2120,2030.687707,2212.228913
2121,2031.66642,2213.250195
2122,2032.645138,2214.271471
2123,2033.623862,2215.292743
2124,2034.60259,2216.31401
2125,2035.581323,2217.335272
2126,2036.560061,2218.356529
2127,2037.538805,2219.37778
2128,2038.517553,2220.399027
2129,2039.496306,2221.420269
2130,2040.475064,2222.441506
2131,2041.453827,2223.462738
2132,2042.432596,2224.483965
2133,2043.411369,2225.505186
2134,2044.390147,2226.526403
2135,2045.36893,2227.547615
2136,2046.347718,2228.568822
2137,2047.326511,2229.590024
2138,2048.305309,2230.611221
2139,2049.284112,2231.632413
2140,2050.26292,2232.653601
2141,2051.241733,2233.674783
2142,2052.220551,2234.69596
2143,2053.199374,2235.717132
2144,2054.178202,2236.7383
2145,2055.157034,2237.759462
2146,2056.135872,2238.78062
2147,2057.114714,2239.801772
2148,2058.093562,2240.82292
2149,2059.072414,2241.844063
2150,2060.051271,2242.865201
2151,2061.030134,2243.886334
2152,2062.009001,2244.907462
2153,2062.987873,2245.928585
2154,2063.96675,2246.949703
2155,2064.945632,2247.970816
2156,2065.924518,2248.991925
2157,2066.90341,2250.013028
2158,2067.882307,2251.034127
2159,2068.861208,2252.05522
2160,2069.840114,2253.076309
2161,2070.819025,2254.097393
2162,2071.797942,2255.118472
2163,2072.776862,2256.139547
2164,2073.755788,2257.160616
2165,2074.734719,2258.18168
2166,2075.713655,2259.20274
2167,2076.692595,2260.223795
2168,2077.67154,2261.244845
2169,2078.65049,2262.26589
2170,2079.629445,2263.28693
2171,2080.608405,2264.307965
2172,2081.58737,2265.328996
2173,2082.566339,2266.350022
2174,2083.545314,2267.371042
2175,2084.524293,2268.392058
2176,2085.503277,2269.41307
2177,2086.482266,2270.434076
2178,2087.461259,2271.455078
2179,2088.440258,2272.476074
2180,2089.419261,2273.497066
2181,2090.398269,2274.518053
2182,2091.377282,2275.539036
2183,2092.3563,2276.560013
2184,2093.335323,2277.580986
2185,2094.31435,2278.601954
2186,2095.293382,2279.622917
2187,2096.272419,2280.643875
2188,2097.251461,2281.664828
2189,2098.230508,2282.685777
2190,2099.209559,2283.706721
2191,2100.188615,2284.72766
2192,2101.167676,2285.748595
2193,2102.146742,2286.769524
2194,2103.125812,2287.790449
2195,2104.104887,2288.811369
2196,2105.083967,2289.832284
2197,2106.063052,2290.853195
2198,2107.042141,2291.874101
2199,2108.021236,2292.895002
2200,2109.000335,2293.915898
2201,2109.979438,2294.93679
2202,2110.958547,2295.957676
2203,2111.93766,2296.978558
2204,2112.916778,2297.999436
2205,2113.895901,2299.020308
2206,2114.875028,2300.041176
2207,2115.85416,2301.062039
2208,2116.833297,2302.082898
2209,2117.812439,2303.103751
2210,2118.791585,2304.1246
2211,2119.770737,2305.145445
2212,2120.749892,2306.166284
2213,2121.729053,2307.187119
2214,2122.708218,2308.207949
2215,2123.687388,2309.228775
2216,2124.666563,2310.249595
2217,2125.645742,2311.270411
2218,2126.624926,2312.291223
2219,2127.604115,2313.312029
2220,2128.583308,2314.332831
2221,2129.562506,2315.353629
2222,2130.541709,2316.374421
2223,2131.520916,2317.395209
2224,2132.500128,2318.415992
2225,2133.479345,2319.436771
2226,2134.458567,2320.457545
2227,2135.437793,2321.478314
2228,2136.417024,2322.499079
2229,2137.396259,2323.519839
2230,2138.375499,2324.540594
2231,2139.354744,2325.561344
2232,2140.333993,2326.58209
2233,2141.313247,2327.602832
2234,2142.292506,2328.623568
2235,2143.27177,2329.6443
2236,2144.251037,2330.665028
2237,2145.23031,2331.685751
2238,2146.209587,2332.706469
2239,2147.188869,2333.727182
2240,2148.168156,2334.747891
2241,2149.147447,2335.768596
2242,2150.126743,2336.789295
2243,2151.106043,2337.80999
2244,2152.085348,2338.830681
2245,2153.064658,2339.851366
2246,2154.043972,2340.872048
2247,2155.023291,2341.892724
2248,2156.002614,2342.913396
2249,2156.981942,2343.934064
2250,2157.961275,2344.954727
2251,2158.940612,2345.975385
2252,2159.919954,2346.996039
2253,2160.8993,2348.016688
2254,2161.878651,2349.037332
2255,2162.858007,2350.057972
2256,2163.837367,2351.078607
2257,2164.816731,2352.099238
2258,2165.796101,2353.119864
2259,2166.775475,2354.140486
2260,2167.754853,2355.161103
2261,2168.734236,2356.181716
2262,2169.713623,2357.202324
2263,2170.693016,2358.222927
2264,2171.672412,2359.243526
2265,2172.651813,2360.26412
2266,2173.631219,2361.28471
2267,2174.610629,2362.305295
2268,2175.590044,2363.325876
2269,2176.569464,2364.346452
2270,2177.548887,2365.367024
2271,2178.528316,2366.387591
2272,2179.507749,2367.408153
2273,2180.487186,2368.428711
2274,2181.466628,2369.449265
2275,2182.446075,2370.469814
2276,2183.425526,2371.490358
2277,2184.404981,2372.510898
2278,2185.384441,2373.531434
2279,2186.363906,2374.551965
2280,2187.343375,2375.572491
2281,2188.322849,2376.593013
2282,2189.302327,2377.613531
2283,2190.281809,2378.634044
2284,2191.261296,2379.654552
2285,2192.240788,2380.675056
2286,2193.220284,2381.695556
2287,2194.199784,2382.716051
2288,2195.179289,2383.736541
2289,2196.158799,2384.757027
2290,2197.138313,2385.777509
2291,2198.117831,2386.797986
2292,2199.097354,2387.818459
2293,2200.076882,2388.838927
2294,2201.056413,2389.859391
2295,2202.03595,2390.87985
2296,2203.015491,2391.900305
2297,2203.995036,2392.920755
2298,2204.974585,2393.941201
2299,2205.95414,2394.961643
2300,2206.933698,2395.98208
2301,2207.913261,2397.002512
2302,2208.892829,2398.02294
2303,2209.8724,2399.043364
2304,2210.851977,2400.063783
2305,2211.831557,2401.084198
2306,2212.811143,2402.104609
2307,2213.790732,2403.125015
2308,2214.770326,2404.145416
2309,2215.749925,2405.165813
2310,2216.729528,2406.186206
2311,2217.709135,2407.206595
2312,2218.688747,2408.226978
2313,2219.668363,2409.247358
2314,2220.647983,2410.267733
2315,2221.627608,2411.288104
2316,2222.607237,2412.30847
2317,2223.586871,2413.328832
2318,2224.566509,2414.34919
2319,2225.546152,2415.369543
2320,2226.525799,2416.389892
2321,2227.50545,2417.410236
2322,2228.485105,2418.430576
2323,2229.464766,2419.450912
2324,2230.44443,2420.471243
2325,2231.424099,2421.49157
2326,2232.403772,2422.511892
2327,2233.383449,2423.53221
2328,2234.363131,2424.552524
2329,2235.342818,2425.572834
2330,2236.322508,2426.593139
2331,2237.302203,2427.613439
2332,2238.281902,2428.633736
2333,2239.261606,2429.654028
2334,2240.241314,2430.674315
2335,2241.221027,2431.694599
2336,2242.200743,2432.714878
2337,2243.180464,2433.735152
2338,2244.16019,2434.755423
2339,2245.13992,2435.775689
2340,2246.119654,2436.79595
2341,2247.099392,2437.816208
2342,2248.079135,2438.83646
2343,2249.058882,2439.856709
2344,2250.038633,2440.876954
2345,2251.018389,2441.897194
2346,2251.998149,2442.917429
2347,2252.977913,2443.937661
2348,2253.957682,2444.957888
2349,2254.937455,2445.978111
2350,2255.917232,2446.998329
2351,2256.897014,2448.018543
2352,2257.876799,2449.038753
2353,2258.85659,2450.058959
2354,2259.836384,2451.07916
2355,2260.816183,2452.099357
2356,2261.795986,2453.11955
2357,2262.775793,2454.139738
2358,2263.755605,2455.159922
2359,2264.735421,2456.180102
2360,2265.715241,2457.200278
2361,2266.695065,2458.220449
2362,2267.674894,2459.240616
2363,2268.654727,2460.260779
2364,2269.634564,2461.280938
2365,2270.614406,2462.301092
2366,2271.594251,2463.321242
2367,2272.574101,2464.341388
2368,2273.553956,2465.361529
2369,2274.533814,2466.381666
2370,2275.513677,2467.401799
2371,2276.493544,2468.421928
2372,2277.473415,2469.442053
2373,2278.453291,2470.462173
2374,2279.433171,2471.482289
2375,2280.413055,2472.502401
2376,2281.392943,2473.522508
2377,2282.372835,2474.542612
2378,2283.352732,2475.562711
2379,2284.332633,2476.582806
2380,2285.312538,2477.602896
2381,2286.292447,2478.622983
2382,2287.272361,2479.643065
2383,2288.252279,2480.663143
2384,2289.232201,2481.683217
2385,2290.212127,2482.703287
2386,2291.192057,2483.723352
2387,2292.171992,2484.743413
2388,2293.151931,2485.76347
2389,2294.131874,2486.783523
2390,2295.111821,2487.803571
2391,2296.091773,2488.823616
2392,2297.071728,2489.843656
2393,2298.051688,2490.863692
2394,2299.031652,2491.883724
2395,2300.01162,2492.903752
2396,2300.991593,2493.923775
2397,2301.971569,2494.943794
2398,2302.95155,2495.96381
2399,2303.931535,2496.983821
2400,2304.911524,2498.003827
2401,2305.891517,2499.02383
2402,2306.871514,2500.043828
2403,2307.851516,2501.063823
2404,2308.831522,2502.083813
2405,2309.811532,2503.103799
2406,2310.791546,2504.123781
2407,2311.771564,2505.143758
2408,2312.751586,2506.163732
2409,2313.731613,2507.183701
2410,2314.711643,2508.203667
2411,2315.691678,2509.223628
2412,2316.671717,2510.243585
2413,2317.65176,2511.263538
2414,2318.631807,2512.283486
2415,2319.611859,2513.303431
2416,2320.591914,2514.323371
2417,2321.571974,2515.343308
2418,2322.552037,2516.36324
2419,2323.532105,2517.383168
2420,2324.512177,2518.403092
2421,2325.492253,2519.423012
2422,2326.472333,2520.442927
2423,2327.452418,2521.462839
2424,2328.432506,2522.482747
2425,2329.412599,2523.50265
2426,2330.392695,2524.522549
2427,2331.372796,2525.542445
2428,2332.352901,2526.562336
2429,2333.33301,2527.582223
2430,2334.313123,2528.602106
2431,2335.29324,2529.621984
2432,2336.273361,2530.641859
2433,2337.253486,2531.66173
2434,2338.233616,2532.681596
2435,2339.213749,2533.701459
2436,2340.193887,2534.721317
2437,2341.174028,2535.741172
2438,2342.154174,2536.761022
2439,2343.134324,2537.780868
2440,2344.114478,2538.80071
2441,2345.094635,2539.820549
2442,2346.074797,2540.840383
2443,2347.054963,2541.860213
2444,2348.035133,2542.880038
2445,2349.015308,2543.89986
2446,2349.995486,2544.919678
2447,2350.975668,2545.939492
2448,2351.955854,2546.959302
2449,2352.936045,2547.979107
2450,2353.916239,2548.998909
2451,2354.896437,2550.018706
2452,2355.87664,2551.0385
2453,2356.856846,2552.058289
2454,2357.837057,2553.078075
2455,2358.817271,2554.097856
2456,2359.79749,2555.117634
2457,2360.777713,2556.137407
2458,2361.757939,2557.157177
2459,2362.73817,2558.176942
2460,2363.718405,2559.196703
2461,2364.698643,2560.216461
2462,2365.678886,2561.236214
2463,2366.659133,2562.255963
2464,2367.639383,2563.275709
2465,2368.619638,2564.29545
2466,2369.599897,2565.315187
2467,2370.58016,2566.33492
2468,2371.560426,2567.35465
2469,2372.540697,2568.374375
2470,2373.520972,2569.394096
2471,2374.501251,2570.413814
2472,2375.481533,2571.433527
2473,2376.46182,2572.453236
2474,2377.442111,2573.472942
2475,2378.422405,2574.492643
2476,2379.402704,2575.51234
2477,2380.383007,2576.532034
2478,2381.363313,2577.551723
2479,2382.343624,2578.571409
2480,2383.323939,2579.59109
2481,2384.304257,2580.610768
2482,2385.28458,2581.630441
2483,2386.264906,2582.650111
2484,2387.245236,2583.669777
2485,2388.225571,2584.689438
2486,2389.205909,2585.709096
2487,2390.186251,2586.72875
2488,2391.166598,2587.7484
2489,2392.146948,2588.768046
2490,2393.127302,2589.787688
2491,2394.10766,2590.807326
2492,2395.088022,2591.82696
2493,2396.068388,2592.84659
2494,2397.048758,2593.866216
2495,2398.029132,2594.885838
2496,2399.00951,2595.905457
2497,2399.989891,2596.925071
2498,2400.970277,2597.944681
2499,2401.950666,2598.964288
2500,2402.93106,2599.983891
2501,2403.911457,2601.003489
2502,2404.891859,2602.023084
2503,2405.872264,2603.042675
2504,2406.852673,2604.062262
2505,2407.833086,2605.081845
2506,2408.813503,2606.101424
2507,2409.793924,2607.120999
2508,2410.774349,2608.140571
2509,2411.754777,2609.160138
2510,2412.73521,2610.179702
2511,2413.715647,2611.199261
2512,2414.696087,2612.218817
2513,2415.676531,2613.238369
2514,2416.656979,2614.257917
2515,2417.637431,2615.277461
2516,2418.617887,2616.297001
2517,2419.598347,2617.316538
2518,2420.578811,2618.33607
2519,2421.559278,2619.355599
2520,2422.53975,2620.375123
2521,2423.520225,2621.394644
2522,2424.500704,2622.414161
2523,2425.481188,2623.433674
2524,2426.461674,2624.453183
2525,2427.442165,2625.472689
2526,2428.42266,2626.49219
2527,2429.403158,2627.511688
2528,2430.383661,2628.531182
2529,2431.364167,2629.550672
2530,2432.344677,2630.570158
2531,2433.325191,2631.58964
2532,2434.305709,2632.609118
2533,2435.286231,2633.628593
2534,2436.266756,2634.648064
2535,2437.247285,2635.66753
2536,2438.227819,2636.686993
2537,2439.208356,2637.706453
2538,2440.188897,2638.725908
2539,2441.169441,2639.74536
2540,2442.14999,2640.764807
2541,2443.130542,2641.784251
2542,2444.111098,2642.803691
2543,2445.091658,2643.823127
2544,2446.072222,2644.84256
2545,2447.05279,2645.861988
2546,2448.033361,2646.881413
2547,2449.013936,2647.900834
2548,2449.994515,2648.920251
2549,2450.975098,2649.939664
2550,2451.955685,2650.959074
2551,2452.936276,2651.97848
2552,2453.91687,2652.997882
2553,2454.897468,2654.01728
2554,2455.87807,2655.036674
2555,2456.858676,2656.056065
2556,2457.839285,2657.075451
2557,2458.819898,2658.094834
2558,2459.800516,2659.114213
2559,2460.781136,2660.133589
2560,2461.761761,2661.15296
2561,2462.74239,2662.172328
2562,2463.723022,2663.191692
2563,2464.703658,2664.211052
2564,2465.684298,2665.230409
2565,2466.664941,2666.249762
2566,2467.645588,2667.269111
2567,2468.62624,2668.288456
2568,2469.606894,2669.307797
2569,2470.587553,2670.327135
2570,2471.568216,2671.346469
2571,2472.548882,2672.365799
2572,2473.529552,2673.385125
2573,2474.510225,2674.404448
2574,2475.490903,2675.423766
2575,2476.471584,2676.443082
2576,2477.452269,2677.462393
2577,2478.432958,2678.4817
2578,2479.41365,2679.501004
2579,2480.394346,2680.520304
2580,2481.375046,2681.539601
2581,2482.35575,2682.558893
2582,2483.336457,2683.578182
2583,2484.317168,2684.597467
2584,2485.297883,2685.616749
2585,2486.278602,2686.636027
2586,2487.259324,2687.655301
2587,2488.24005,2688.674571
2588,2489.22078,2689.693837
2589,2490.201514,2690.7131
2590,2491.182251,2691.732359
2591,2492.162992,2692.751615
2592,2493.143736,2693.770866
2593,2494.124485,2694.790114
2594,2495.105237,2695.809358
2595,2496.085993,2696.828599
2596,2497.066752,2697.847836
2597,2498.047515,2698.867069
2598,2499.028282,2699.886298
2599,2500.009053,2700.905524
2600,2500.989827,2701.924746
2601,2501.970605,2702.943964
2602,2502.951387,2703.963179
2603,2503.932172,2704.98239
2604,2504.912962,2706.001597
2605,2505.893754,2707.020801
2606,2506.874551,2708.04
2607,2507.855351,2709.059197
2608,2508.836155,2710.078389
2609,2509.816962,2711.097578
2610,2510.797773,2712.116763
2611,2511.778588,2713.135945
2612,2512.759407,2714.155122
2613,2513.740229,2715.174297
2614,2514.721055,2716.193467
2615,2515.701885,2717.212634
2616,2516.682718,2718.231797
2617,2517.663555,2719.250956
2618,2518.644395,2720.270112
2619,2519.625239,2721.289264
2620,2520.606087,2722.308413
2621,2521.586939,2723.327558
2622,2522.567794,2724.346699
2623,2523.548653,2725.365837
2624,2524.529515,2726.384971
2625,2525.510381,2727.404101
2626,2526.491251,2728.423227
2627,2527.472125,2729.44235
2628,2528.453002,2730.46147
2629,2529.433882,2731.480585
2630,2530.414767,2732.499698
2631,2531.395655,2733.518806
2632,2532.376546,2734.537911
2633,2533.357441,2735.557012
2634,2534.33834,2736.57611
2635,2535.319243,2737.595204
2636,2536.300149,2738.614294
2637,2537.281058,2739.633381
2638,2538.261972,2740.652464
2639,2539.242889,2741.671543
2640,2540.223809,2742.690619
2641,2541.204733,2743.709691
2642,2542.185661,2744.72876
2643,2543.166593,2745.747825
2644,2544.147528,2746.766886
2645,2545.128466,2747.785944
2646,2546.109408,2748.804998
2647,2547.090354,2749.824049
2648,2548.071304,2750.843096
2649,2549.052257,2751.862139
2650,2550.033213,2752.881179
2651,2551.014174,2753.900215
2652,2551.995137,2754.919248
2653,2552.976105,2755.938277
2654,2553.957076,2756.957303
2655,2554.93805,2757.976325
2656,2555.919028,2758.995343
2657,2556.90001,2760.014358
2658,2557.880995,2761.033369
2659,2558.861984,2762.052376
2660,2559.842977,2763.07138
2661,2560.823973,2764.090381
2662,2561.804972,2765.109378
2663,2562.785975,2766.128371
2664,2563.766982,2767.147361
2665,2564.747992,2768.166347
2666,2565.729006,2769.18533
2667,2566.710024,2770.204309
2668,2567.691045,2771.223284
2669,2568.672069,2772.242256
2670,2569.653097,2773.261224
2671,2570.634129,2774.280189
2672,2571.615164,2775.299151
2673,2572.596203,2776.318108
2674,2573.577245,2777.337063
2675,2574.558291,2778.356013
2676,2575.53934,2779.37496
2677,2576.520393,2780.393904
2678,2577.50145,2781.412844
2679,2578.48251,2782.43178
2680,2579.463573,2783.450713
2681,2580.44464,2784.469643
2682,2581.425711,2785.488569
2683,2582.406785,2786.507491
2684,2583.387863,2787.52641
2685,2584.368944,2788.545325
2686,2585.350028,2789.564237
2687,2586.331117,2790.583146
2688,2587.312208,2791.60205
2689,2588.293304,2792.620952
2690,2589.274402,2793.639849
2691,2590.255505,2794.658744
2692,2591.23661,2795.677634
2693,2592.21772,2796.696522
2694,2593.198832,2797.715405
2695,2594.179949,2798.734285
2696,2595.161069,2799.753162
2697,2596.142192,2800.772035
2698,2597.123319,2801.790905
2699,2598.104449,2802.809771
2700,2599.085583,2803.828634
2701,2600.06672,2804.847493
2702,2601.047861,2805.866349
2703,2602.029005,2806.885201
2704,2603.010153,2807.90405
2705,2603.991304,2808.922895
2706,2604.972459,2809.941737
2707,2605.953617,2810.960576
2708,2606.934779,2811.97941
2709,2607.915944,2812.998242
2710,2608.897113,2814.01707
2711,2609.878285,2815.035894
2712,2610.85946,2816.054715
2713,2611.840639,2817.073533
2714,2612.821822,2818.092347
2715,2613.803008,2819.111157
2716,2614.784197,2820.129964
2717,2615.76539,2821.148768
2718,2616.746587,2822.167568
2719,2617.727787,2823.186365
2720,2618.70899,2824.205158
2721,2619.690197,2825.223948
2722,2620.671407,2826.242734
2723,2621.65262,2827.261517
2724,2622.633838,2828.280297
2725,2623.615058,2829.299073
2726,2624.596282,2830.317845
2727,2625.57751,2831.336614
2728,2626.558741,2832.35538
2729,2627.539975,2833.374142
2730,2628.521213,2834.392901
2731,2629.502454,2835.411657
2732,2630.483698,2836.430409
2733,2631.464947,2837.449157
2734,2632.446198,2838.467902
2735,2633.427453,2839.486644
2736,2634.408711,2840.505382
2737,2635.389973,2841.524117
2738,2636.371238,2842.542848
2739,2637.352507,2843.561576
2740,2638.333779,2844.580301
2741,2639.315055,2845.599022
2742,2640.296333,2846.61774
2743,2641.277616,2847.636454
2744,2642.258901,2848.655165
2745,2643.240191,2849.673872
2746,2644.221483,2850.692577
2747,2645.202779,2851.711277
2748,2646.184078,2852.729975
2749,2647.165381,2853.748668
2750,2648.146687,2854.767359
2751,2649.127997,2855.786046
2752,2650.10931,2856.80473
2753,2651.090626,2857.82341
2754,2652.071946,2858.842087
2755,2653.053269,2859.86076
2756,2654.034595,2860.879431
2757,2655.015925,2861.898097
2758,2655.997258,2862.916761
2759,2656.978595,2863.935421
2760,2657.959935,2864.954077
2761,2658.941279,2865.97273
2762,2659.922625,2866.99138
2763,2660.903976,2868.010027
2764,2661.885329,2869.02867
2765,2662.866686,2870.04731
2766,2663.848046,2871.065946
2767,2664.82941,2872.084579
2768,2665.810777,2873.103209
2769,2666.792147,2874.121835
2770,2667.773521,2875.140458
2771,2668.754898,2876.159077
2772,2669.736279,2877.177693
2773,2670.717663,2878.196306
2774,2671.69905,2879.214916
2775,2672.68044,2880.233522
2776,2673.661834,2881.252125
2777,2674.643232,2882.270724
2778,2675.624632,2883.28932
2779,2676.606036,2884.307913
2780,2677.587444,2885.326502
2781,2678.568854,2886.345088
2782,2679.550268,2887.363671
2783,2680.531685,2888.38225
2784,2681.513106,2889.400826
2785,2682.49453,2890.419399
2786,2683.475957,2891.437968
2787,2684.457388,2892.456534
2788,2685.438822,2893.475097
2789,2686.420259,2894.493657
2790,2687.4017,2895.512213
2791,2688.383144,2896.530765
2792,2689.364591,2897.549315
2793,2690.346042,2898.567861
2794,2691.327496,2899.586403
2795,2692.308953,2900.604943
2796,2693.290414,2901.623479
2797,2694.271878,2902.642012
2798,2695.253345,2903.660541
2799,2696.234816,2904.679068
2800,2697.216289,2905.69759
2801,2698.197767,2906.71611
2802,2699.179247,2907.734626
2803,2700.160731,2908.753139
2804,2701.142218,2909.771649
2805,2702.123708,2910.790155
2806,2703.105202,2911.808658
2807,2704.086699,2912.827158
2808,2705.068199,2913.845655
2809,2706.049703,2914.864148
2810,2707.031209,2915.882638
2811,2708.01272,2916.901124
2812,2708.994233,2917.919608
2813,2709.97575,2918.938088
2814,2710.95727,2919.956564
2815,2711.938793,2920.975038
2816,2712.92032,2921.993508
2817,2713.901849,2923.011975
2818,2714.883382,2924.030439
2819,2715.864919,2925.048899
2820,2716.846459,2926.067356
2821,2717.828001,2927.08581
2822,2718.809548,2928.10426
2823,2719.791097,2929.122708
2824,2720.77265,2930.141152
2825,2721.754206,2931.159592
2826,2722.735765,2932.17803
2827,2723.717328,2933.196464
2828,2724.698894,2934.214895
2829,2725.680463,2935.233323
2830,2726.662035,2936.251747
2831,2727.643611,2937.270168
2832,2728.625189,2938.288586
2833,2729.606771,2939.307001
2834,2730.588357,2940.325413
2835,2731.569945,2941.343821
2836,2732.551537,2942.362226
2837,2733.533132,2943.380627
2838,2734.514731,2944.399026
2839,2735.496332,2945.417421
2840,2736.477937,2946.435813
2841,2737.459545,2947.454202
2842,2738.441156,2948.472587
2843,2739.422771,2949.49097
2844,2740.404388,2950.509349
2845,2741.386009,2951.527724
2846,2742.367634,2952.546097
2847,2743.349261,2953.564466
2848,2744.330892,2954.582833
2849,2745.312526,2955.601196
2850,2746.294163,2956.619555
2851,2747.275803,2957.637912
2852,2748.257447,2958.656265
2853,2749.239093,2959.674615
2854,2750.220743,2960.692962
2855,2751.202397,2961.711305
2856,2752.184053,2962.729646
2857,2753.165713,2963.747983
2858,2754.147375,2964.766317
2859,2755.129041,2965.784648
2860,2756.110711,2966.802975
2861,2757.092383,2967.8213
2862,2758.074059,2968.839621
2863,2759.055738,2969.857939
2864,2760.03742,2970.876254
2865,2761.019105,2971.894565
2866,2762.000793,2972.912874
2867,2762.982485,2973.931179
2868,2763.96418,2974.949481
2869,2764.945878,2975.96778
2870,2765.927579,2976.986075
2871,2766.909284,2978.004368
2872,2767.890991,2979.022657
2873,2768.872702,2980.040943
2874,2769.854416,2981.059226
2875,2770.836133,2982.077506
2876,2771.817853,2983.095782
2877,2772.799577,2984.114055
2878,2773.781303,2985.132326
2879,2774.763033,2986.150593
2880,2775.744766,2987.168857
2881,2776.726503,2988.187117
2882,2777.708242,2989.205375
2883,2778.689984,2990.223629
2884,2779.67173,2991.24188
2885,2780.653479,2992.260128
2886,2781.635231,2993.278373
2887,2782.616986,2994.296615
2888,2783.598745,2995.314853
2889,2784.580506,2996.333089
2890,2785.562271,2997.351321
2891,2786.544039,2998.36955
2892,2787.525809,2999.387776
2893,2788.507584,3000.405999
2894,2789.489361,3001.424218
2895,2790.471141,3002.442435
2896,2791.452925,3003.460648
2897,2792.434712,3004.478858
2898,2793.416501,3005.497065
2899,2794.398294,3006.515269
2900,2795.380091,3007.53347
2901,2796.36189,3008.551667
2902,2797.343692,3009.569862
2903,2798.325498,3010.588053
2904,2799.307306,3011.606241
2905,2800.289118,3012.624427
2906,2801.270933,3013.642608
2907,2802.252751,3014.660787
2908,2803.234572,3015.678963
2909,2804.216397,3016.697136
2910,2805.198224,3017.715305
2911,2806.180055,3018.733471
2912,2807.161888,3019.751635
2913,2808.143725,3020.769795
2914,2809.125565,3021.787952
2915,2810.107408,3022.806106
2916,2811.089254,3023.824256
2917,2812.071104,3024.842404
2918,2813.052956,3025.860549
2919,2814.034811,3026.87869
2920,2815.01667,3027.896828
2921,2815.998532,3028.914963
2922,2816.980397,3029.933096
2923,2817.962264,3030.951225
2924,2818.944136,3031.969351
2925,2819.92601,3032.987473
2926,2820.907887,3034.005593
2927,2821.889767,3035.02371
2928,2822.871651,3036.041823
2929,2823.853537,3037.059934
2930,2824.835427,3038.078041
2931,2825.817319,3039.096145
2932,2826.799215,3040.114246
2933,2827.781114,3041.132345
2934,2828.763016,3042.15044
2935,2829.744921,3043.168531
2936,2830.726829,3044.18662
2937,2831.70874,3045.204706
2938,2832.690654,3046.222789
2939,2833.672572,3047.240868
2940,2834.654492,3048.258945
2941,2835.636416,3049.277018
2942,2836.618342,3050.295089
2943,2837.600272,3051.313156
2944,2838.582205,3052.33122
2945,2839.56414,3053.349281
2946,2840.546079,3054.36734
2947,2841.528021,3055.385395
2948,2842.509966,3056.403447
2949,2843.491914,3057.421496
2950,2844.473865,3058.439541
2951,2845.455819,3059.457584
2952,2846.437777,3060.475624
2953,2847.419737,3061.493661
2954,2848.4017,3062.511694
2955,2849.383667,3063.529725
2956,2850.365636,3064.547752
2957,2851.347608,3065.565777
2958,2852.329584,3066.583798
2959,2853.311563,3067.601817
2960,2854.293544,3068.619832
2961,2855.275529,3069.637845
2962,2856.257517,3070.655854
2963,2857.239507,3071.67386
2964,2858.221501,3072.691863
2965,2859.203498,3073.709863
2966,2860.185498,3074.727861
2967,2861.167501,3075.745855
2968,2862.149507,3076.763846
2969,2863.131516,3077.781834
2970,2864.113527,3078.799819
2971,2865.095542,3079.817801
2972,2866.077561,3080.83578
2973,2867.059582,3081.853756
2974,2868.041606,3082.871729
2975,2869.023633,3083.889698
2976,2870.005663,3084.907665
2977,2870.987696,3085.925629
2978,2871.969732,3086.94359
2979,2872.951771,3087.961548
2980,2873.933814,3088.979503
2981,2874.915859,3089.997454
2982,2875.897907,3091.015403
2983,2876.879958,3092.033349
2984,2877.862013,3093.051292
2985,2878.84407,3094.069232
2986,2879.82613,3095.087168
2987,2880.808193,3096.105102
2988,2881.79026,3097.123033
2989,2882.772329,3098.140961
2990,2883.754401,3099.158885
2991,2884.736476,3100.176807
2992,2885.718555,3101.194726
2993,2886.700636,3102.212642
2994,2887.68272,3103.230555
2995,2888.664807,3104.248464
2996,2889.646897,3105.266371
2997,2890.628991,3106.284275
2998,2891.611087,3107.302176
2999,2892.593186,3108.320074
3000,2893.575288,3109.337969
3001,2894.557393,3110.35586
3002,2895.539502,3111.373749
3003,2896.521613,3112.391635
3004,2897.503727,3113.409518
3005,2898.485844,3114.427398
3006,2899.467964,3115.445275
3007,2900.450087,3116.463149
3008,2901.432213,3117.48102
3009,2902.414342,3118.498888
3010,2903.396474,3119.516754
3011,2904.378609,3120.534616
3012,2905.360746,3121.552475
3013,2906.342887,3122.570331
3014,2907.325031,3123.588184
3015,2908.307178,3124.606035
3016,2909.289328,3125.623882
3017,2910.27148,3126.641726
3018,2911.253636,3127.659568
3019,2912.235794,3128.677406
3020,2913.217956,3129.695242
3021,2914.200121,3130.713074
3022,2915.182288,3131.730904
3023,2916.164458,3132.748731
3024,2917.146632,3133.766555
3025,2918.128808,3134.784375
3026,2919.110987,3135.802193
3027,2920.093169,3136.820008
3028,2921.075355,3137.83782
3029,2922.057543,3138.855629
3030,2923.039734,3139.873435
3031,2924.021928,3140.891238
3032,2925.004124,3141.909038
3033,2925.986324,3142.926836
3034,2926.968527,3143.94463
3035,2927.950733,3144.962421
3036,2928.932941,3145.98021
3037,2929.915153,3146.997995
3038,2930.897367,3148.015778
3039,2931.879585,3149.033558
3040,2932.861805,3150.051334
3041,2933.844028,3151.069108
3042,2934.826255,3152.086879
3043,2935.808484,3153.104647
3044,2936.790716,3154.122412
3045,2937.772951,3155.140175
3046,2938.755189,3156.157934
3047,2939.737429,3157.17569
3048,2940.719673,3158.193444
3049,2941.70192,3159.211194
3050,2942.684169,3160.228942
3051,2943.666421,3161.246686
3052,2944.648677,3162.264428
3053,2945.630935,3163.282167
3054,2946.613196,3164.299903
3055,2947.59546,3165.317636
3056,2948.577727,3166.335366
3057,2949.559997,3167.353093
3058,2950.54227,3168.370818
3059,2951.524545,3169.388539
3060,2952.506824,3170.406258
3061,2953.489105,3171.423974
3062,2954.47139,3172.441686
3063,2955.453677,3173.459396
3064,2956.435967,3174.477103
3065,2957.41826,3175.494807
3066,2958.400556,3176.512509
3067,2959.382855,3177.530207
3068,2960.365156,3178.547903
3069,2961.347461,3179.565595
3070,2962.329768,3180.583285
3071,2963.312079,3181.600972
3072,2964.294392,3182.618656
3073,2965.276708,3183.636337
3074,2966.259027,3184.654015
3075,2967.241349,3185.67169
3076,2968.223674,3186.689363
3077,2969.206001,3187.707032
3078,2970.188332,3188.724699
3079,2971.170665,3189.742363
3080,2972.153001,3190.760024
3081,2973.13534,3191.777682
3082,2974.117682,3192.795337
3083,2975.100027,3193.812989
3084,2976.082374,3194.830639
3085,2977.064725,3195.848286
3086,2978.047078,3196.865929
3087,2979.029435,3197.88357
3088,2980.011794,3198.901208
3089,2980.994156,3199.918844
3090,2981.97652,3200.936476
3091,2982.958888,3201.954105
3092,2983.941259,3202.971732
3093,2984.923632,3203.989356
3094,2985.906008,3205.006977
3095,2986.888387,3206.024595
3096,2987.870769,3207.04221
3097,2988.853154,3208.059823
3098,2989.835541,3209.077432
3099,2990.817932,3210.095039
3100,2991.800325,3211.112643
3101,2992.782721,3212.130244
3102,2993.76512,3213.147842
3103,2994.747522,3214.165438
3104,2995.729927,3215.18303
3105,2996.712334,3216.20062
3106,2997.694744,3217.218207
3107,2998.677157,3218.235791
3108,2999.659573,3219.253372
3109,3000.641992,3220.270951
3110,3001.624414,3221.288526
3111,3002.606838,3222.306099
3112,3003.589265,3223.323669
3113,3004.571696,3224.341236
3114,3005.554128,3225.3588
3115,3006.536564,3226.376362
3116,3007.519003,3227.393921
3117,3008.501444,3228.411476
3118,3009.483888,3229.429029
3119,3010.466335,3230.44658
3120,3011.448785,3231.464127
3121,3012.431238,3232.481672
3122,3013.413693,3233.499213
3123,3014.396151,3234.516752
3124,3015.378612,3235.534289
3125,3016.361076,3236.551822
3126,3017.343543,3237.569352
3127,3018.326012,3238.58688
3128,3019.308485,3239.604405
3129,3020.29096,3240.621927
3130,3021.273438,3241.639447
3131,3022.255918,3242.656963
3132,3023.238402,3243.674477
3133,3024.220888,3244.691988
3134,3025.203377,3245.709496
3135,3026.185869,3246.727002
3136,3027.168363,3247.744504
3137,3028.150861,3248.762004
3138,3029.133361,3249.779501
3139,3030.115864,3250.796995
3140,3031.09837,3251.814487
3141,3032.080879,3252.831975
3142,3033.06339,3253.849461
3143,3034.045904,3254.866944
3144,3035.028421,3255.884424
3145,3036.010941,3256.901902
3146,3036.993463,3257.919377
3147,3037.975988,3258.936849
3148,3038.958517,3259.954318
3149,3039.941047,3260.971784
3150,3040.923581,3261.989248
3151,3041.906117,3263.006709
3152,3042.888656,3264.024167
3153,3043.871198,3265.041622
3154,3044.853743,3266.059075
3155,3045.83629,3267.076525
3156,3046.818841,3268.093972
3157,3047.801394,3269.111416
3158,3048.783949,3270.128858
3159,3049.766508,3271.146296
3160,3050.749069,3272.163732
3161,3051.731633,3273.181166
3162,3052.7142,3274.198596
3163,3053.696769,3275.216024
3164,3054.679342,3276.233449
3165,3055.661917,3277.250871
3166,3056.644495,3278.26829
3167,3057.627075,3279.285707
3168,3058.609658,3280.303121
3169,3059.592245,3281.320532
3170,3060.574833,3282.337941
3171,3061.557425,3283.355347
3172,3062.540019,3284.37275
3173,3063.522616,3285.39015
3174,3064.505216,3286.407547
3175,3065.487818,3287.424942
3176,3066.470424,3288.442334
3177,3067.453032,3289.459723
3178,3068.435642,3290.47711
3179,3069.418256,3291.494494
3180,3070.400872,3292.511875
3181,3071.383491,3293.529253
3182,3072.366113,3294.546629
3183,3073.348737,3295.564002
3184,3074.331364,3296.581372
3185,3075.313994,3297.598739
3186,3076.296627,3298.616104
3187,3077.279262,3299.633466
3188,3078.2619,3300.650825
3189,3079.244541,3301.668182
3190,3080.227184,3302.685536
3191,3081.20983,3303.702887
3192,3082.192479,3304.720235
3193,3083.175131,3305.737581
3194,3084.157785,3306.754924
3195,3085.140442,3307.772264
3196,3086.123102,3308.789602
3197,3087.105765,3309.806937
3198,3088.08843,3310.824269
3199,3089.071098,3311.841598
3200,3090.053768,3312.858925
3201,3091.036442,3313.876249
3202,3092.019118,3314.89357
3203,3093.001796,3315.910889
3204,3093.984478,3316.928205
3205,3094.967162,3317.945518
3206,3095.949849,3318.962828
3207,3096.932538,3319.980136
3208,3097.915231,3320.997441
3209,3098.897925,3322.014743
3210,3099.880623,3323.032043
3211,3100.863323,3324.04934
3212,3101.846026,3325.066634
3213,3102.828732,3326.083926
3214,3103.811441,3327.101215
3215,3104.794152,3328.118501
3216,3105.776865,3329.135785
3217,3106.759582,3330.153066
3218,3107.742301,3331.170344
3219,3108.725023,3332.187619
3220,3109.707748,3333.204892
3221,3110.690475,3334.222162
3222,3111.673205,3335.23943
3223,3112.655937,3336.256694
3224,3113.638672,3337.273956
3225,3114.62141,3338.291216
3226,3115.604151,3339.308473
3227,3116.586894,3340.325727
3228,3117.56964,3341.342978
3229,3118.552389,3342.360227
3230,3119.53514,3343.377473
3231,3120.517894,3344.394716
3232,3121.500651,3345.411957
3233,3122.48341,3346.429195
3234,3123.466172,3347.44643
3235,3124.448937,3348.463663
3236,3125.431704,3349.480893
3237,3126.414474,3350.498121
3238,3127.397247,3351.515345
3239,3128.380022,3352.532567
3240,3129.3628,3353.549787
3241,3130.34558,3354.567004
3242,3131.328364,3355.584218
3243,3132.31115,3356.601429
3244,3133.293938,3357.618638
3245,3134.276729,3358.635844
3246,3135.259523,3359.653048
3247,3136.24232,3360.670248
3248,3137.225119,3361.687447
3249,3138.207921,3362.704642
3250,3139.190725,3363.721835
3251,3140.173532,3364.739025
3252,3141.156342,3365.756213
3253,3142.139154,3366.773398
3254,3143.121969,3367.79058
3255,3144.104787,3368.80776
3256,3145.087607,3369.824937
3257,3146.07043,3370.842112
3258,3147.053256,3371.859283
3259,3148.036084,3372.876452
3260,3149.018915,3373.893619
3261,3150.001749,3374.910783
3262,3150.984585,3375.927944
3263,3151.967423,3376.945103
3264,3152.950265,3377.962259
3265,3153.933109,3378.979412
3266,3154.915956,3379.996563
3267,3155.898805,3381.013711
3268,3156.881657,3382.030857
3269,3157.864511,3383.047999
3270,3158.847368,3384.06514
3271,3159.830228,3385.082277
3272,3160.81309,3386.099412
3273,3161.795955,3387.116545
3274,3162.778823,3388.133675
3275,3163.761693,3389.150802
3276,3164.744566,3390.167926
3277,3165.727442,3391.185048
3278,3166.71032,3392.202168
3279,3167.6932,3393.219284
3280,3168.676084,3394.236398
3281,3169.65897,3395.25351
3282,3170.641858,3396.270619
3283,3171.624749,3397.287725
3284,3172.607643,3398.304829
3285,3173.590539,3399.32193
3286,3174.573438,3400.339028
3287,3175.55634,3401.356124
3288,3176.539244,3402.373217
3289,3177.522151,3403.390308
3290,3178.50506,3404.407396
3291,3179.487972,3405.424482
3292,3180.470886,3406.441565
3293,3181.453804,3407.458645
3294,3182.436723,3408.475723
3295,3183.419646,3409.492798
3296,3184.402571,3410.50987
3297,3185.385498,3411.52694
3298,3186.368428,3412.544008
3299,3187.351361,3413.561072
3300,3188.334296,3414.578134
3301,3189.317234,3415.595194
3302,3190.300174,3416.612251
3303,3191.283117,3417.629306
3304,3192.266063,3418.646357
3305,3193.249011,3419.663407
3306,3194.231962,3420.680453
3307,3195.214915,3421.697497
3308,3196.197871,3422.714539
3309,3197.18083,3423.731578
3310,3198.163791,3424.748614
3311,3199.146754,3425.765648
3312,3200.12972,3426.782679
3313,3201.112689,3427.799708
3314,3202.095661,3428.816734
3315,3203.078634,3429.833758
3316,3204.061611,3430.850779
3317,3205.04459,3431.867797
3318,3206.027572,3432.884813
3319,3207.010556,3433.901826
3320,3207.993543,3434.918837
3321,3208.976532,3435.935845
3322,3209.959524,3436.952851
3323,3210.942518,3437.969854
3324,3211.925515,3438.986854
3325,3212.908515,3440.003852
3326,3213.891517,3441.020847
3327,3214.874521,3442.03784
3328,3215.857529,3443.05483
3329,3216.840538,3444.071818
3330,3217.823551,3445.088803
3331,3218.806566,3446.105786
3332,3219.789583,3447.122766
3333,3220.772603,3448.139744
3334,3221.755625,3449.156718
3335,3222.738651,3450.173691
3336,3223.721678,3451.190661
3337,3224.704708,3452.207628
3338,3225.687741,3453.224593
3339,3226.670776,3454.241555
3340,3227.653814,3455.258515
3341,3228.636854,3456.275472
3342,3229.619897,3457.292427
3343,3230.602942,3458.309379
3344,3231.58599,3459.326328
3345,3232.569041,3460.343275
3346,3233.552094,3461.36022
3347,3234.535149,3462.377162
3348,3235.518207,3463.394101
3349,3236.501268,3464.411038
3350,3237.484331,3465.427973
3351,3238.467397,3466.444904
3352,3239.450465,3467.461834
3353,3240.433536,3468.478761
3354,3241.416609,3469.495685
3355,3242.399685,3470.512607
3356,3243.382763,3471.529526
3357,3244.365844,3472.546443
3358,3245.348927,3473.563357
3359,3246.332013,3474.580268
3360,3247.315101,3475.597178
3361,3248.298192,3476.614084
3362,3249.281285,3477.630988
3363,3250.264381,3478.64789
3364,3251.24748,3479.664789
3365,3252.23058,3480.681686
3366,3253.213684,3481.69858
3367,3254.19679,3482.715471
3368,3255.179898,3483.73236
3369,3256.163009,3484.749247
3370,3257.146123,3485.766131
3371,3258.129239,3486.783013
3372,3259.112357,3487.799892
3373,3260.095478,3488.816768
3374,3261.078601,3489.833642
3375,3262.061727,3490.850514
3376,3263.044856,3491.867383
3377,3264.027987,3492.884249
3378,3265.01112,3493.901114
3379,3265.994256,3494.917975
3380,3266.977395,3495.934834
3381,3267.960536,3496.951691
3382,3268.943679,3497.968545
3383,3269.926825,3498.985396
3384,3270.909973,3500.002246
3385,3271.893124,3501.019092
3386,3272.876278,3502.035936
3387,3273.859434,3503.052778
3388,3274.842592,3504.069617
3389,3275.825753,3505.086454
3390,3276.808916,3506.103288
3391,3277.792082,3507.12012
3392,3278.77525,3508.136949
3393,3279.758421,3509.153776
3394,3280.741594,3510.1706
3395,3281.72477,3511.187422
3396,3282.707948,3512.204241
3397,3283.691129,3513.221058
3398,3284.674312,3514.237872
3399,3285.657498,3515.254684
3400,3286.640686,3516.271493
3401,3287.623877,3517.2883
3402,3288.60707,3518.305105
3403,3289.590265,3519.321907
3404,3290.573463,3520.338706
3405,3291.556664,3521.355504
3406,3292.539867,3522.372298
3407,3293.523072,3523.38909
3408,3294.50628,3524.40588
3409,3295.48949,3525.422667
3410,3296.472703,3526.439452
3411,3297.455919,3527.456234
3412,3298.439136,3528.473014
3413,3299.422356,3529.489791
3414,3300.405579,3530.506566
3415,3301.388804,3531.523339
3416,3302.372032,3532.540109
3417,3303.355262,3533.556876
3418,3304.338494,3534.573641
3419,3305.321729,3535.590404
3420,3306.304966,3536.607164
3421,3307.288206,3537.623922
3422,3308.271449,3538.640677
3423,3309.254693,3539.65743
3424,3310.23794,3540.674181
3425,3311.22119,3541.690929
3426,3312.204442,3542.707674
3427,3313.187697,3543.724417
3428,3314.170954,3544.741158
3429,3315.154213,3545.757896
3430,3316.137475,3546.774632
3431,3317.120739,3547.791365
3432,3318.104006,3548.808096
3433,3319.087275,3549.824824
3434,3320.070546,3550.84155
3435,3321.05382,3551.858274
3436,3322.037097,3552.874995
3437,3323.020376,3553.891714
3438,3324.003657,3554.90843
3439,3324.986941,3555.925144
3440,3325.970227,3556.941855
3441,3326.953516,3557.958564
3442,3327.936807,3558.975271
3443,3328.9201,3559.991975
3444,3329.903396,3561.008677
3445,3330.886694,3562.025376
3446,3331.869995,3563.042073
3447,3332.853298,3564.058767
3448,3333.836604,3565.075459
3449,3334.819912,3566.092149
3450,3335.803222,3567.108836
3451,3336.786535,3568.125521
3452,3337.76985,3569.142203
3453,3338.753168,3570.158883
3454,3339.736488,3571.175561
3455,3340.719811,3572.192236
3456,3341.703136,3573.208908
3457,3342.686463,3574.225579
3458,3343.669793,3575.242246
3459,3344.653125,3576.258912
3460,3345.636459,3577.275575
3461,3346.619796,3578.292236
3462,3347.603136,3579.308894
3463,3348.586478,3580.32555
3464,3349.569822,3581.342203
3465,3350.553168,3582.358854
3466,3351.536517,3583.375503
3467,3352.519869,3584.392149
3468,3353.503222,3585.408793
3469,3354.486579,3586.425434
3470,3355.469937,3587.442073
3471,3356.453298,3588.45871
3472,3357.436662,3589.475344
3473,3358.420027,3590.491976
3474,3359.403396,3591.508605
3475,3360.386766,3592.525232
3476,3361.370139,3593.541857
3477,3362.353515,3594.558479
3478,3363.336892,3595.575099
3479,3364.320272,3596.591717
3480,3365.303655,3597.608332
3481,3366.28704,3598.624944
3482,3367.270427,3599.641555
3483,3368.253817,3600.658163
3484,3369.237209,3601.674768
3485,3370.220603,3602.691371
3486,3371.204,3603.707972
3487,3372.187399,3604.724571
3488,3373.170801,3605.741167
3489,3374.154205,3606.75776
3490,3375.137611,3607.774352
3491,3376.12102,3608.790941
3492,3377.104431,3609.807527
3493,3378.087845,3610.824111
3494,3379.071261,3611.840693
3495,3380.054679,3612.857272
3496,3381.038099,3613.873849
3497,3382.021522,3614.890424
3498,3383.004948,3615.906996
3499,3383.988376,3616.923566
3500,3384.971806,3617.940134
3501,3385.955238,3618.956699
3502,3386.938673,3619.973262
3503,3387.92211,3620.989822
3504,3388.90555,3622.006381
3505,3389.888992,3623.022936
3506,3390.872436,3624.03949
3507,3391.855882,3625.056041
3508,3392.839331,3626.072589
3509,3393.822783,3627.089136
3510,3394.806236,3628.10568
3511,3395.789693,3629.122221
3512,3396.773151,3630.13876
3513,3397.756612,3631.155297
3514,3398.740075,3632.171832
3515,3399.72354,3633.188364
3516,3400.707008,3634.204894
3517,3401.690478,3635.221421
3518,3402.673951,3636.237946
3519,3403.657426,3637.254469
3520,3404.640903,3638.27099
3521,3405.624383,3639.287508
3522,3406.607865,3640.304024
3523,3407.591349,3641.320537
3524,3408.574835,3642.337048
3525,3409.558324,3643.353557
3526,3410.541816,3644.370063
3527,3411.525309,3645.386567
3528,3412.508805,3646.403069
3529,3413.492304,3647.419568
3530,3414.475804,3648.436065
3531,3415.459307,3649.45256
3532,3416.442813,3650.469052
3533,3417.42632,3651.485542
3534,3418.40983,3652.50203
3535,3419.393343,3653.518515
3536,3420.376857,3654.534998
3537,3421.360374,3655.551479
3538,3422.343894,3656.567957
3539,3423.327415,3657.584433
3540,3424.310939,3658.600907
3541,3425.294466,3659.617378
3542,3426.277994,3660.633848
3543,3427.261525,3661.650314
3544,3428.245058,3662.666779
3545,3429.228594,3663.683241
3546,3430.212132,3664.699701
3547,3431.195672,3665.716158
3548,3432.179215,3666.732613
3549,3433.16276,3667.749066
3550,3434.146307,3668.765516
3551,3435.129856,3669.781965
3552,3436.113408,3670.79841
3553,3437.096962,3671.814854
3554,3438.080519,3672.831295
3555,3439.064078,3673.847734
3556,3440.047639,3674.864171
3557,3441.031202,3675.880605
3558,3442.014768,3676.897037
3559,3442.998336,3677.913467
3560,3443.981906,3678.929894
3561,3444.965479,3679.946319
3562,3445.949054,3680.962742
3563,3446.932631,3681.979162
3564,3447.916211,3682.99558
3565,3448.899793,3684.011996
3566,3449.883377,3685.02841
3567,3450.866963,3686.044821
3568,3451.850552,3687.06123
3569,3452.834143,3688.077637
3570,3453.817736,3689.094041
3571,3454.801332,3690.110443
3572,3455.78493,3691.126843
3573,3456.76853,3692.14324
3574,3457.752133,3693.159635
3575,3458.735738,3694.176028
3576,3459.719345,3695.192419
3577,3460.702954,3696.208807
3578,3461.686566,3697.225193
3579,3462.67018,3698.241577
3580,3463.653796,3699.257958
3581,3464.637415,3700.274337
3582,3465.621036,3701.290714
3583,3466.604659,3702.307089
3584,3467.588285,3703.323461
3585,3468.571912,3704.339831
3586,3469.555542,3705.356199
3587,3470.539175,3706.372564
3588,3471.522809,3707.388927
3589,3472.506446,3708.405288
3590,3473.490085,3709.421647
3591,3474.473727,3710.438003
3592,3475.45737,3711.454357
3593,3476.441016,3712.470709
3594,3477.424664,3713.487059
3595,3478.408315,3714.503406
3596,3479.391968,3715.519751
3597,3480.375623,3716.536093
3598,3481.35928,3717.552434
3599,3482.34294,3718.568772
3600,3483.326602,3719.585108
3601,3484.310266,3720.601441
3602,3485.293932,3721.617773
3603,3486.277601,3722.634102
3604,3487.261272,3723.650429
3605,3488.244945,3724.666753
3606,3489.228621,3725.683075
3607,3490.212298,3726.699395
3608,3491.195978,3727.715713
3609,3492.179661,3728.732029
3610,3493.163345,3729.748342
3611,3494.147032,3730.764653
3612,3495.130721,3731.780961
3613,3496.114412,3732.797268
3614,3497.098106,3733.813572
3615,3498.081802,3734.829874
3616,3499.0655,3735.846174
3617,3500.0492,3736.862471
3618,3501.032903,3737.878766
3619,3502.016608,3738.895059
3620,3503.000315,3739.91135
3621,3503.984024,3740.927638
3622,3504.967736,3741.943925
3623,3505.95145,3742.960208
3624,3506.935166,3743.97649
3625,3507.918884,3744.99277
3626,3508.902605,3746.009047
3627,3509.886327,3747.025322
3628,3510.870052,3748.041594
3629,3511.85378,3749.057865
3630,3512.837509,3750.074133
3631,3513.821241,3751.090399
3632,3514.804975,3752.106663
3633,3515.788711,3753.122924
3634,3516.77245,3754.139184
3635,3517.756191,3755.155441
3636,3518.739934,3756.171695
3637,3519.723679,3757.187948
3638,3520.707426,3758.204198
3639,3521.691176,3759.220446
3640,3522.674928,3760.236692
3641,3523.658682,3761.252936
3642,3524.642438,3762.269177
3643,3525.626197,3763.285416
3644,3526.609958,3764.301653
3645,3527.593721,3765.317888
3646,3528.577486,3766.334121
3647,3529.561254,3767.350351
3648,3530.545024,3768.366579
3649,3531.528795,3769.382805
3650,3532.51257,3770.399028
3651,3533.496346,3771.41525
3652,3534.480125,3772.431469
3653,3535.463906,3773.447686
3654,3536.447689,3774.463901
3655,3537.431474,3775.480113
3656,3538.415262,3776.496323
3657,3539.399051,3777.512531
3658,3540.382843,3778.528737
3659,3541.366637,3779.544941
3660,3542.350434,3780.561142
3661,3543.334232,3781.577341
3662,3544.318033,3782.593538
3663,3545.301836,3783.609733
3664,3546.285641,3784.625926
3665,3547.269449,3785.642116
3666,3548.253259,3786.658304
3667,3549.23707,3787.67449
3668,3550.220884,3788.690674
3669,3551.204701,3789.706856
3670,3552.188519,3790.723035
3671,3553.17234,3791.739212
3672,3554.156163,3792.755387
3673,3555.139988,3793.77156
3674,3556.123815,3794.78773
3675,3557.107645,3795.803899
3676,3558.091476,3796.820065
3677,3559.07531,3797.836229
3678,3560.059146,3798.85239
3679,3561.042985,3799.86855
3680,3562.026825,3800.884707
3681,3563.010668,3801.900862
3682,3563.994513,3802.917015
3683,3564.97836,3803.933166
3684,3565.962209,3804.949315
3685,3566.94606,3805.965461
3686,3567.929914,3806.981605
3687,3568.91377,3807.997747
3688,3569.897628,3809.013887
3689,3570.881488,3810.030025
3690,3571.865351,3811.04616
3691,3572.849215,3812.062293
3692,3573.833082,3813.078424
3693,3574.816951,3814.094553
3694,3575.800822,3815.11068
3695,3576.784695,3816.126804
3696,3577.768571,3817.142927
3697,3578.752448,3818.159047
3698,3579.736328,3819.175165
3699,3580.72021,3820.191281
3700,3581.704095,3821.207394
3701,3582.687981,3822.223506
3702,3583.67187,3823.239615
3703,3584.65576,3824.255722
3704,3585.639653,3825.271827
3705,3586.623548,3826.28793
3706,3587.607446,3827.30403
3707,3588.591345,3828.320129
3708,3589.575247,3829.336225
3709,3590.559151,3830.352319
3710,3591.543056,3831.368411
3711,3592.526965,3832.384501
3712,3593.510875,3833.400588
3713,3594.494787,3834.416673
3714,3595.478702,3835.432757
3715,3596.462619,3836.448838
3716,3597.446538,3837.464917
3717,3598.430459,3838.480993
3718,3599.414382,3839.497068
3719,3600.398308,3840.51314
3720,3601.382235,3841.529211
3721,3602.366165,3842.545279
3722,3603.350097,3843.561345
3723,3604.334031,3844.577408
3724,3605.317967,3845.59347
3725,3606.301906,3846.609529
3726,3607.285846,3847.625587
3727,3608.269789,3848.641642
3728,3609.253734,3849.657695
3729,3610.237681,3850.673746
3730,3611.22163,3851.689794
3731,3612.205581,3852.705841
3732,3613.189535,3853.721885
3733,3614.17349,3854.737928
3734,3615.157448,3855.753968
3735,3616.141408,3856.770006
3736,3617.12537,3857.786041
3737,3618.109334,3858.802075
3738,3619.093301,3859.818107
3739,3620.077269,3860.834136
3740,3621.06124,3861.850163
3741,3622.045213,3862.866188
3742,3623.029188,3863.882211
3743,3624.013165,3864.898232
3744,3624.997144,3865.914251
3745,3625.981125,3866.930267
3746,3626.965109,3867.946281
3747,3627.949094,3868.962294
3748,3628.933082,3869.978304
3749,3629.917072,3870.994312
3750,3630.901064,3872.010318
3751,3631.885058,3873.026321
3752,3632.869055,3874.042323
3753,3633.853053,3875.058322
3754,3634.837054,3876.07432
3755,3635.821056,3877.090315
3756,3636.805061,3878.106308
3757,3637.789068,3879.122299
3758,3638.773077,3880.138288
3759,3639.757089,3881.154274
3760,3640.741102,3882.170259
3761,3641.725117,3883.186241
3762,3642.709135,3884.202222
3763,3643.693155,3885.2182
3764,3644.677176,3886.234176
3765,3645.6612,3887.25015
3766,3646.645227,3888.266121
3767,3647.629255,3889.282091
3768,3648.613285,3890.298059
3769,3649.597318,3891.314024
3770,3650.581352,3892.329988
3771,3651.565389,3893.345949
3772,3652.549428,3894.361908
3773,3653.533469,3895.377865
3774,3654.517512,3896.39382
3775,3655.501557,3897.409772
3776,3656.485604,3898.425723
3777,3657.469653,3899.441672
3778,3658.453705,3900.457618
3779,3659.437758,3901.473562
3780,3660.421814,3902.489505
3781,3661.405872,3903.505445
3782,3662.389932,3904.521383
3783,3663.373994,3905.537319
3784,3664.358058,3906.553252
3785,3665.342124,3907.569184
3786,3666.326193,3908.585114
3787,3667.310263,3909.601041
3788,3668.294336,3910.616966
3789,3669.27841,3911.63289
3790,3670.262487,3912.648811
3791,3671.246566,3913.66473
3792,3672.230647,3914.680647
3793,3673.21473,3915.696562
3794,3674.198815,3916.712474
3795,3675.182902,3917.728385
3796,3676.166992,3918.744294
3797,3677.151083,3919.7602
3798,3678.135177,3920.776105
3799,3679.119272,3921.792007
3800,3680.10337,3922.807907
3801,3681.08747,3923.823805
3802,3682.071572,3924.839701
3803,3683.055676,3925.855595
3804,3684.039782,3926.871487
3805,3685.02389,3927.887377
3806,3686.008,3928.903264
3807,3686.992113,3929.91915
3808,3687.976227,3930.935033
3809,3688.960344,3931.950915
3810,3689.944462,3932.966794
3811,3690.928583,3933.982671
3812,3691.912706,3934.998546
3813,3692.89683,3936.01442
3814,3693.880957,3937.030291
3815,3694.865086,3938.046159
3816,3695.849218,3939.062026
3817,3696.833351,3940.077891
3818,3697.817486,3941.093754
3819,3698.801623,3942.109614
3820,3699.785763,3943.125473
3821,3700.769904,3944.141329
3822,3701.754048,3945.157184
3823,3702.738193,3946.173036
3824,3703.722341,3947.188886
3825,3704.706491,3948.204734
3826,3705.690643,3949.22058
3827,3706.674797,3950.236424
3828,3707.658953,3951.252266
3829,3708.643111,3952.268106
3830,3709.627271,3953.283944
3831,3710.611433,3954.29978
3832,3711.595597,3955.315613
3833,3712.579764,3956.331445
3834,3713.563932,3957.347275
3835,3714.548103,3958.363102
3836,3715.532275,3959.378928
3837,3716.51645,3960.394751
3838,3717.500626,3961.410572
3839,3718.484805,3962.426391
3840,3719.468986,3963.442209
3841,3720.453169,3964.458024
3842,3721.437354,3965.473837
3843,3722.421541,3966.489648
3844,3723.40573,3967.505457
3845,3724.389921,3968.521264
3846,3725.374114,3969.537068
3847,3726.358309,3970.552871
3848,3727.342506,3971.568672
3849,3728.326705,3972.584471
3850,3729.310907,3973.600267
3851,3730.29511,3974.616062
3852,3731.279316,3975.631854
3853,3732.263523,3976.647645
3854,3733.247733,3977.663433
3855,3734.231944,3978.67922
3856,3735.216158,3979.695004
3857,3736.200374,3980.710786
3858,3737.184591,3981.726566
3859,3738.168811,3982.742345
3860,3739.153033,3983.758121
3861,3740.137257,3984.773895
3862,3741.121483,3985.789667
3863,3742.105711,3986.805437
3864,3743.089941,3987.821205
3865,3744.074173,3988.836971
3866,3745.058407,3989.852735
3867,3746.042643,3990.868497
3868,3747.026881,3991.884256
3869,3748.011121,3992.900014
3870,3748.995363,3993.91577
3871,3749.979608,3994.931524
3872,3750.963854,3995.947275
3873,3751.948102,3996.963025
3874,3752.932353,3997.978773
3875,3753.916605,3998.994518
3876,3754.90086,4000.010262
3877,3755.885116,4001.026003
3878,3756.869374,4002.041743
3879,3757.853635,4003.05748
3880,3758.837898,4004.073216
3881,3759.822162,4005.088949
3882,3760.806429,4006.104681
3883,3761.790697,4007.12041
3884,3762.774968,4008.136137
3885,3763.759241,4009.151863
3886,3764.743515,4010.167586
3887,3765.727792,4011.183307
3888,3766.712071,4012.199026
3889,3767.696352,4013.214744
3890,3768.680634,4014.230459
3891,3769.664919,4015.246172
3892,3770.649206,4016.261883
3893,3771.633495,4017.277592
3894,3772.617786,4018.293299
3895,3773.602079,4019.309005
3896,3774.586374,4020.324708
3897,3775.57067,4021.340409
3898,3776.554969,4022.356108
3899,3777.53927,4023.371805
3900,3778.523573,4024.3875
3901,3779.507878,4025.403193
3902,3780.492185,4026.418884
3903,3781.476494,4027.434573
3904,3782.460805,4028.45026
3905,3783.445118,4029.465945
3906,3784.429433,4030.481628
3907,3785.41375,4031.497309
3908,3786.398069,4032.512988
3909,3787.38239,4033.528665
3910,3788.366713,4034.54434
3911,3789.351038,4035.560013
3912,3790.335366,4036.575684
3913,3791.319695,4037.591353
3914,3792.304026,4038.60702
3915,3793.288359,4039.622685
3916,3794.272694,4040.638348
3917,3795.257031,4041.654008
3918,3796.24137,4042.669667
3919,3797.225711,4043.685324
3920,3798.210054,4044.700979
3921,3799.194399,4045.716632
3922,3800.178746,4046.732283
3923,3801.163095,4047.747932
3924,3802.147446,4048.763579
3925,3803.131799,4049.779224
3926,3804.116154,4050.794867
3927,3805.100511,4051.810508
3928,3806.08487,4052.826147
3929,3807.069231,4053.841784
3930,3808.053594,4054.857419
3931,3809.037959,4055.873052
3932,3810.022326,4056.888683
3933,3811.006695,4057.904312
3934,3811.991066,4058.919939
3935,3812.975439,4059.935565
3936,3813.959814,4060.951188
3937,3814.944191,4061.966809
3938,3815.92857,4062.982428
3939,3816.912951,4063.998045
3940,3817.897334,4065.01366
3941,3818.881718,4066.029273
3942,3819.866105,4067.044885
3943,3820.850494,4068.060494
3944,3821.834885,4069.076101
3945,3822.819278,4070.091706
3946,3823.803672,4071.10731
3947,3824.788069,4072.122911
3948,3825.772468,4073.13851
3949,3826.756868,4074.154108
3950,3827.741271,4075.169703
3951,3828.725676,4076.185297
3952,3829.710082,4077.200888
3953,3830.694491,4078.216478
3954,3831.678901,4079.232065
3955,3832.663314,4080.247651
3956,3833.647728,4081.263234
3957,3834.632145,4082.278816
3958,3835.616563,4083.294395
3959,3836.600984,4084.309973
3960,3837.585406,4085.325549
3961,3838.56983,4086.341123
3962,3839.554256,4087.356694
3963,3840.538685,4088.372264
3964,3841.523115,4089.387832
3965,3842.507547,4090.403398
3966,3843.491981,4091.418962
3967,3844.476417,4092.434524
3968,3845.460855,4093.450084
3969,3846.445295,4094.465642
3970,3847.429737,4095.481198
3971,3848.414181,4096.496752
3972,3849.398627,4097.512304
3973,3850.383075,4098.527854
3974,3851.367525,4099.543402
3975,3852.351977,4100.558949
3976,3853.33643,4101.574493
3977,3854.320886,4102.590035
3978,3855.305344,4103.605576
3979,3856.289803,4104.621114
3980,3857.274265,4105.636651
3981,3858.258728,4106.652185
3982,3859.243194,4107.667718
3983,3860.227661,4108.683249
3984,3861.212131,4109.698777
3985,3862.196602,4110.714304
3986,3863.181075,4111.729829
3987,3864.16555,4112.745352
3988,3865.150027,4113.760873
3989,3866.134507,4114.776392
3990,3867.118988,4115.791909
3991,3868.103471,4116.807424
3992,3869.087955,4117.822937
3993,3870.072442,4118.838448
3994,3871.056931,4119.853958
3995,3872.041422,4120.869465
3996,3873.025915,4121.88497
3997,3874.010409,4122.900474
3998,3874.994906,4123.915975
3999,3875.979404,4124.931475
4000,3876.963905,4125.946972
4001,3877.948407,4126.962468
4002,3878.932911,4127.977962
4003,3879.917418,4128.993454
4004,3880.901926,4130.008944
4005,3881.886436,4131.024431
4006,3882.870948,4132.039918
4007,3883.855462,4133.055402
4008,3884.839978,4134.070884
4009,3885.824496,4135.086364
4010,3886.809016,4136.101842
4011,3887.793537,4137.117319
4012,3888.778061,4138.132793
4013,3889.762587,4139.148266
4014,3890.747114,4140.163736
4015,3891.731644,4141.179205
4016,3892.716175,4142.194672
4017,3893.700708,4143.210136
4018,3894.685243,4144.225599
4019,3895.66978,4145.24106
4020,3896.65432,4146.256519
4021,3897.638861,4147.271976
4022,3898.623403,4148.287432
4023,3899.607948,4149.302885
4024,3900.592495,4150.318336
4025,3901.577044,4151.333786
4026,3902.561594,4152.349233
4027,3903.546147,4153.364679
4028,3904.530701,4154.380122
4029,3905.515258,4155.395564
4030,3906.499816,4156.411004
4031,3907.484376,4157.426442
4032,3908.468938,4158.441878
4033,3909.453502,4159.457312
4034,3910.438068,4160.472744
4035,3911.422636,4161.488174
4036,3912.407205,4162.503603
4037,3913.391777,4163.519029
4038,3914.376351,4164.534454
4039,3915.360926,4165.549876
4040,3916.345504,4166.565297
4041,3917.330083,4167.580716
4042,3918.314664,4168.596133
4043,3919.299247,4169.611548
4044,3920.283832,4170.626961
4045,3921.268419,4171.642372
4046,3922.253008,4172.657782
4047,3923.237599,4173.673189
4048,3924.222191,4174.688594
4049,3925.206786,4175.703998
4050,3926.191382,4176.7194
4051,3927.175981,4177.734799
4052,3928.160581,4178.750197
4053,3929.145183,4179.765593
4054,3930.129787,4180.780987
4055,3931.114393,4181.79638
4056,3932.099001,4182.81177
4057,3933.08361,4183.827158
4058,3934.068222,4184.842545
4059,3935.052836,4185.857929
4060,3936.037451,4186.873312
4061,3937.022068,4187.888693
4062,3938.006688,4188.904072
4063,3938.991309,4189.919449
4064,3939.975932,4190.934824
4065,3940.960557,4191.950197
4066,3941.945183,4192.965568
4067,3942.929812,4193.980938
4068,3943.914443,4194.996305
4069,3944.899075,4196.011671
4070,3945.883709,4197.027035
4071,3946.868346,4198.042397
4072,3947.852984,4199.057757
4073,3948.837624,4200.073115
4074,3949.822266,4201.088471
4075,3950.806909,4202.103826
4076,3951.791555,4203.119178
4077,3952.776202,4204.134529
4078,3953.760852,4205.149877
4079,3954.745503,4206.165224
4080,3955.730156,4207.180569
4081,3956.714811,4208.195912
4082,3957.699468,4209.211253
4083,3958.684127,4210.226593
4084,3959.668788,4211.24193
4085,3960.65345,4212.257266
4086,3961.638115,4213.272599
4087,3962.622781,4214.287931
4088,3963.607449,4215.303261
4089,3964.59212,4216.318589
4090,3965.576791,4217.333915
4091,3966.561465,4218.34924
4092,3967.546141,4219.364562
4093,3968.530819,4220.379883
4094,3969.515498,4221.395201
4095,3970.500179,4222.410518
4096,3971.484863,4223.425833
4097,3972.469548,4224.441146
4098,3973.454234,4225.456457
4099,3974.438923,4226.471767
4100,3975.423614,4227.487074
4101,3976.408306,4228.50238
4102,3977.393001,4229.517684
4103,3978.377697,4230.532986
4104,3979.362395,4231.548286
4105,3980.347095,4232.563584
4106,3981.331797,4233.57888
4107,3982.316501,4234.594174
4108,3983.301206,4235.609467
4109,3984.285914,4236.624758
4110,3985.270623,4237.640047
4111,3986.255334,4238.655334
4112,3987.240047,4239.670619
4113,3988.224762,4240.685902
4114,3989.209479,4241.701183
4115,3990.194198,4242.716463
4116,3991.178918,4243.731741
4117,3992.16364,4244.747017
4118,3993.148364,4245.762291
4119,3994.13309,4246.777563
4120,3995.117818,4247.792833
4121,3996.102548,4248.808101
4122,3997.08728,4249.823368
4123,3998.072013,4250.838633
4124,3999.056748,4251.853896
4125,4000.041485,4252.869157
4126,4001.026224,4253.884416
4127,4002.010965,4254.899673
4128,4002.995708,4255.914929
4129,4003.980453,4256.930182
4130,4004.965199,4257.945434
4131,4005.949947,4258.960684
4132,4006.934697,4259.975932
4133,4007.919449,4260.991178
4134,4008.904203,4262.006423
4135,4009.888958,4263.021665
4136,4010.873716,4264.036906
4137,4011.858475,4265.052145
4138,4012.843236,4266.067382
4139,4013.827999,4267.082617
4140,4014.812764,4268.097851
4141,4015.797531,4269.113082
4142,4016.782299,4270.128312
4143,4017.76707,4271.14354
4144,4018.751842,4272.158766
4145,4019.736616,4273.17399
4146,4020.721392,4274.189212
4147,4021.706169,4275.204433
4148,4022.690949,4276.219651
4149,4023.67573,4277.234868
4150,4024.660513,4278.250083
4151,4025.645298,4279.265296
4152,4026.630085,4280.280508
4153,4027.614874,4281.295717
4154,4028.599664,4282.310925
4155,4029.584457,4283.326131
4156,4030.569251,4284.341335
4157,4031.554047,4285.356537
4158,4032.538845,4286.371737
4159,4033.523644,4287.386936
4160,4034.508446,4288.402132
4161,4035.493249,4289.417327
4162,4036.478054,4290.43252
4163,4037.462861,4291.447712
4164,4038.44767,4292.462901
4165,4039.432481,4293.478089
4166,4040.417293,4294.493274
4167,4041.402107,4295.508458
4168,4042.386923,4296.52364
4169,4043.371741,4297.538821
4170,4044.356561,4298.553999
4171,4045.341383,4299.569176
4172,4046.326206,4300.584351
4173,4047.311031,4301.599524
4174,4048.295858,4302.614695
4175,4049.280687,4303.629864
4176,4050.265518,4304.645032
4177,4051.25035,4305.660197
4178,4052.235184,4306.675361
4179,4053.22002,4307.690524
4180,4054.204858,4308.705684
4181,4055.189698,4309.720842
4182,4056.174539,4310.735999
4183,4057.159383,4311.751154
4184,4058.144228,4312.766307
4185,4059.129075,4313.781458
4186,4060.113924,4314.796608
4187,4061.098774,4315.811755
4188,4062.083627,4316.826901
4189,4063.068481,4317.842045
4190,4064.053337,4318.857187
4191,4065.038195,4319.872328
4192,4066.023054,4320.887466
4193,4067.007916,4321.902603
4194,4067.992779,4322.917738
4195,4068.977644,4323.932871
4196,4069.962511,4324.948003
4197,4070.947379,4325.963132
4198,4071.93225,4326.97826
4199,4072.917122,4327.993386
4200,4073.901996,4329.00851
4201,4074.886872,4330.023632
4202,4075.87175,4331.038753
4203,4076.856629,4332.053872
4204,4077.84151,4333.068989
4205,4078.826393,4334.084104
4206,4079.811278,4335.099217
4207,4080.796165,4336.114329
4208,4081.781053,4337.129439
4209,4082.765943,4338.144547
4210,4083.750835,4339.159653
4211,4084.735729,4340.174757
4212,4085.720625,4341.18986
4213,4086.705522,4342.204961
4214,4087.690421,4343.22006
4215,4088.675322,4344.235157
4216,4089.660225,4345.250252
4217,4090.64513,4346.265346
4218,4091.630036,4347.280438
4219,4092.614944,4348.295528
4220,4093.599854,4349.310616
4221,4094.584766,4350.325703
4222,4095.569679,4351.340787
4223,4096.554595,4352.35587
4224,4097.539512,4353.370952
4225,4098.524431,4354.386031
4226,4099.509351,4355.401108
4227,4100.494274,4356.416184
4228,4101.479198,4357.431258
4229,4102.464124,4358.446331
4230,4103.449052,4359.461401
4231,4104.433981,4360.47647
4232,4105.418913,4361.491537
4233,4106.403846,4362.506602
4234,4107.388781,4363.521665
4235,4108.373717,4364.536727
4236,4109.358656,4365.551786
4237,4110.343596,4366.566844
4238,4111.328538,4367.5819
4239,4112.313482,4368.596955
4240,4113.298428,4369.612008
4241,4114.283375,4370.627058
4242,4115.268324,4371.642108
4243,4116.253275,4372.657155
4244,4117.238228,4373.672201
4245,4118.223182,4374.687244
4246,4119.208138,4375.702286
4247,4120.193096,4376.717327
4248,4121.178056,4377.732365
4249,4122.163018,4378.747402
4250,4123.147981,4379.762437
4251,4124.132946,4380.77747
4252,4125.117913,4381.792501
4253,4126.102881,4382.807531
4254,4127.087852,4383.822559
4255,4128.072824,4384.837585
4256,4129.057798,4385.852609
4257,4130.042773,4386.867632
4258,4131.027751,4387.882653
4259,4132.01273,4388.897672
4260,4132.997711,4389.912689
4261,4133.982694,4390.927705
4262,4134.967678,4391.942718
4263,4135.952664,4392.95773
4264,4136.937652,4393.972741
4265,4137.922642,4394.987749
4266,4138.907634,4396.002756
4267,4139.892627,4397.017761
4268,4140.877622,4398.032764
4269,4141.862619,4399.047765
4270,4142.847617,4400.062765
4271,4143.832618,4401.077763
4272,4144.81762,4402.092759
4273,4145.802624,4403.107754
4274,4146.787629,4404.122746
4275,4147.772637,4405.137737
4276,4148.757646,4406.152726
4277,4149.742656,4407.167714
4278,4150.727669,4408.1827
4279,4151.712683,4409.197683
4280,4152.697699,4410.212666
4281,4153.682717,4411.227646
4282,4154.667737,4412.242625
4283,4155.652758,4413.257602
4284,4156.637781,4414.272577
4285,4157.622806,4415.28755
4286,4158.607833,4416.302522
4287,4159.592861,4417.317492
4288,4160.577891,4418.33246
4289,4161.562923,4419.347426
4290,4162.547957,4420.362391
4291,4163.532992,4421.377354
4292,4164.518029,4422.392315
4293,4165.503068,4423.407275
4294,4166.488108,4424.422232
4295,4167.473151,4425.437188
4296,4168.458195,4426.452143
4297,4169.44324,4427.467095
4298,4170.428288,4428.482046
4299,4171.413337,4429.496995
4300,4172.398388,4430.511942
4301,4173.383441,4431.526888
4302,4174.368495,4432.541832
4303,4175.353552,4433.556774
4304,4176.338609,4434.571714
4305,4177.323669,4435.586653
4306,4178.308731,4436.60159
4307,4179.293794,4437.616525
4308,4180.278859,4438.631458
4309,4181.263925,4439.64639
4310,4182.248994,4440.66132
4311,4183.234064,4441.676248
4312,4184.219135,4442.691174
4313,4185.204209,4443.706099
4314,4186.189284,4444.721022
4315,4187.174361,4445.735943
4316,4188.15944,4446.750863
4317,4189.14452,4447.765781
4318,4190.129603,4448.780697
4319,4191.114687,4449.795611
4320,4192.099772,4450.810524
4321,4193.08486,4451.825435
4322,4194.069949,4452.840344
4323,4195.055039,4453.855252
4324,4196.040132,4454.870157
4325,4197.025226,4455.885061
4326,4198.010322,4456.899964
4327,4198.99542,4457.914864
4328,4199.980519,4458.929763
4329,4200.96562,4459.94466
4330,4201.950723,4460.959556
4331,4202.935828,4461.974449
4332,4203.920934,4462.989341
4333,4204.906042,4464.004232
4334,4205.891152,4465.01912
4335,4206.876264,4466.034007
4336,4207.861377,4467.048892
4337,4208.846492,4468.063775
4338,4209.831608,4469.078657
4339,4210.816727,4470.093537
4340,4211.801847,4471.108415
4341,4212.786968,4472.123292
4342,4213.772092,4473.138167
4343,4214.757217,4474.15304
4344,4215.742344,4475.167911
4345,4216.727473,4476.182781
4346,4217.712603,4477.197649
4347,4218.697735,4478.212515
4348,4219.682869,4479.22738
4349,4220.668004,4480.242242
4350,4221.653141,4481.257104
4351,4222.63828,4482.271963
4352,4223.623421,4483.286821
4353,4224.608563,4484.301677
4354,4225.593707,4485.316531
4355,4226.578853,4486.331384
4356,4227.564,4487.346235
4357,4228.549149,4488.361084
4358,4229.5343,4489.375931
4359,4230.519453,4490.390777
4360,4231.504607,4491.405621
4361,4232.489763,4492.420464
4362,4233.47492,4493.435304
4363,4234.46008,4494.450143
4364,4235.445241,4495.464981
4365,4236.430403,4496.479816
4366,4237.415568,4497.49465
4367,4238.400734,4498.509482
4368,4239.385902,4499.524313
4369,4240.371071,4500.539141
4370,4241.356242,4501.553969
4371,4242.341415,4502.568794
4372,4243.32659,4503.583618
4373,4244.311766,4504.59844
4374,4245.296944,4505.61326
4375,4246.282124,4506.628079
4376,4247.267305,4507.642896
4377,4248.252488,4508.657711
4378,4249.237673,4509.672524
4379,4250.22286,4510.687336
4380,4251.208048,4511.702146
4381,4252.193238,4512.716955
4382,4253.178429,4513.731762
4383,4254.163622,4514.746567
4384,4255.148817,4515.76137
4385,4256.134014,4516.776172
4386,4257.119212,4517.790972
4387,4258.104412,4518.80577
4388,4259.089614,4519.820567
4389,4260.074817,4520.835362
4390,4261.060022,4521.850155
4391,4262.045229,4522.864947
4392,4263.030437,4523.879737
4393,4264.015648,4524.894525
4394,4265.000859,4525.909311
4395,4265.986073,4526.924096
4396,4266.971288,4527.938879
4397,4267.956505,4528.953661
4398,4268.941723,4529.968441
4399,4269.926943,4530.983219
4400,4270.912165,4531.997995
4401,4271.897389,4533.01277
4402,4272.882614,4534.027543
4403,4273.867841,4535.042315
4404,4274.85307,4536.057085
4405,4275.8383,4537.071853
4406,4276.823532,4538.086619
4407,4277.808765,4539.101384
4408,4278.794001,4540.116147
4409,4279.779238,4541.130908
4410,4280.764476,4542.145668
4411,4281.749717,4543.160426
4412,4282.734959,4544.175182
4413,4283.720202,4545.189937
4414,4284.705448,4546.20469
4415,4285.690695,4547.219441
4416,4286.675943,4548.234191
4417,4287.661194,4549.248939
4418,4288.646446,4550.263685
4419,4289.631699,4551.27843
4420,4290.616955,4552.293173
4421,4291.602212,4553.307914
4422,4292.58747,4554.322654
4423,4293.572731,4555.337392
4424,4294.557993,4556.352128
4425,4295.543256,4557.366863
4426,4296.528522,4558.381596
4427,4297.513789,4559.396327
4428,4298.499057,4560.411057
4429,4299.484328,4561.425785
4430,4300.4696,4562.440511
4431,4301.454873,4563.455236
4432,4302.440149,4564.469959
4433,4303.425426,4565.48468
4434,4304.410704,4566.4994
4435,4305.395984,4567.514118
4436,4306.381266,4568.528835
4437,4307.36655,4569.543549
4438,4308.351835,4570.558262
4439,4309.337122,4571.572974
4440,4310.322411,4572.587684
4441,4311.307701,4573.602392
4442,4312.292993,4574.617098
4443,4313.278287,4575.631803
4444,4314.263582,4576.646506
4445,4315.248879,4577.661208
4446,4316.234177,4578.675907
4447,4317.219477,4579.690606
4448,4318.204779,4580.705302
4449,4319.190083,4581.719997
4450,4320.175388,4582.73469
4451,4321.160695,4583.749382
4452,4322.146003,4584.764072
4453,4323.131313,4585.77876
4454,4324.116625,4586.793447
4455,4325.101938,4587.808132
4456,4326.087253,4588.822815
4457,4327.07257,4589.837497
4458,4328.057888,4590.852177
4459,4329.043208,4591.866855
4460,4330.02853,4592.881532
4461,4331.013853,4593.896207
4462,4331.999178,4594.91088
4463,4332.984505,4595.925552
4464,4333.969833,4596.940222
4465,4334.955163,4597.954891
4466,4335.940494,4598.969558
4467,4336.925827,4599.984223
4468,4337.911162,4600.998887
4469,4338.896498,4602.013549
4470,4339.881837,4603.028209
4471,4340.867176,4604.042868
4472,4341.852518,4605.057525
4473,4342.837861,4606.07218
4474,4343.823205,4607.086834
4475,4344.808551,4608.101486
4476,4345.793899,4609.116136
4477,4346.779249,4610.130785
4478,4347.7646,4611.145432
4479,4348.749953,4612.160078
4480,4349.735307,4613.174722
4481,4350.720663,4614.189364
4482,4351.706021,4615.204005
4483,4352.69138,4616.218644
4484,4353.676741,4617.233281
4485,4354.662104,4618.247917
4486,4355.647468,4619.262551
4487,4356.632834,4620.277184
4488,4357.618201,4621.291815
4489,4358.60357,4622.306444
4490,4359.588941,4623.321072
4491,4360.574314,4624.335698
4492,4361.559688,4625.350322
4493,4362.545063,4626.364945
4494,4363.53044,4627.379566
4495,4364.515819,4628.394185
4496,4365.5012,4629.408803
4497,4366.486582,4630.42342
4498,4367.471966,4631.438034
4499,4368.457351,4632.452647
4500,4369.442738,4633.467259
4501,4370.428127,4634.481868
4502,4371.413517,4635.496476
4503,4372.398909,4636.511083
4504,4373.384302,4637.525688
4505,4374.369698,4638.540291
4506,4375.355094,4639.554893
4507,4376.340493,4640.569493
4508,4377.325893,4641.584091
4509,4378.311294,4642.598688
4510,4379.296698,4643.613283
4511,4380.282102,4644.627877
4512,4381.267509,4645.642469
4513,4382.252917,4646.657059
4514,4383.238327,4647.671648
4515,4384.223738,4648.686235
4516,4385.209151,4649.70082
4517,4386.194565,4650.715404
4518,4387.179982,4651.729986
4519,4388.165399,4652.744567
4520,4389.150819,4653.759146
4521,4390.13624,4654.773723
4522,4391.121662,4655.788299
4523,4392.107087,4656.802873
4524,4393.092512,4657.817446
4525,4394.07794,4658.832017
4526,4395.063369,4659.846586
4527,4396.0488,4660.861154
4528,4397.034232,4661.87572
4529,4398.019666,4662.890285
4530,4399.005101,4663.904847
4531,4399.990538,4664.919409
4532,4400.975977,4665.933968
4533,4401.961417,4666.948527
4534,4402.946859,4667.963083
4535,4403.932303,4668.977638
4536,4404.917748,4669.992191
4537,4405.903195,4671.006743
4538,4406.888643,4672.021293
4539,4407.874093,4673.035841
4540,4408.859544,4674.050388
4541,4409.844997,4675.064934
4542,4410.830452,4676.079477
4543,4411.815909,4677.094019
4544,4412.801367,4678.10856
4545,4413.786826,4679.123099
4546,4414.772287,4680.137636
4547,4415.75775,4681.152172
4548,4416.743214,4682.166706
4549,4417.72868,4683.181238
4550,4418.714148,4684.195769
4551,4419.699617,4685.210298
4552,4420.685088,4686.224826
4553,4421.67056,4687.239352
4554,4422.656034,4688.253877
4555,4423.641509,4689.268399
4556,4424.626987,4690.282921
4557,4425.612465,4691.29744
4558,4426.597946,4692.311959
4559,4427.583427,4693.326475
4560,4428.568911,4694.34099
4561,4429.554396,4695.355503
4562,4430.539883,4696.370015
4563,4431.525371,4697.384525
4564,4432.510861,4698.399034
4565,4433.496352,4699.413541
4566,4434.481845,4700.428046
4567,4435.46734,4701.44255
4568,4436.452836,4702.457052
4569,4437.438334,4703.471553
4570,4438.423833,4704.486052
4571,4439.409334,4705.500549
4572,4440.394837,4706.515045
4573,4441.380341,4707.52954
4574,4442.365847,4708.544032
4575,4443.351354,4709.558523
4576,4444.336863,4710.573013
4577,4445.322373,4711.587501
4578,4446.307885,4712.601987
4579,4447.293399,4713.616472
4580,4448.278914,4714.630955
4581,4449.264431,4715.645437
4582,4450.249949,4716.659917
4583,4451.235469,4717.674395
4584,4452.220991,4718.688872
4585,4453.206514,4719.703348
4586,4454.192039,4720.717821
4587,4455.177565,4721.732294
4588,4456.163093,4722.746764
4589,4457.148622,4723.761233
4590,4458.134153,4724.775701
4591,4459.119686,4725.790166
4592,4460.10522,4726.804631
4593,4461.090756,4727.819093
4594,4462.076293,4728.833554
4595,4463.061832,4729.848014
4596,4464.047372,4730.862472
4597,4465.032914,4731.876928
4598,4466.018458,4732.891383
4599,4467.004003,4733.905837
4600,4467.98955,4734.920288
4601,4468.975098,4735.934738
4602,4469.960648,4736.949187
4603,4470.9462,4737.963634
4604,4471.931753,4738.978079
4605,4472.917307,4739.992523
4606,4473.902863,4741.006965
4607,4474.888421,4742.021406
4608,4475.87398,4743.035845
4609,4476.859541,4744.050283
4610,4477.845104,4745.064719
4611,4478.830668,4746.079153
4612,4479.816233,4747.093586
4613,4480.8018,4748.108017
4614,4481.787369,4749.122447
4615,4482.772939,4750.136875
4616,4483.758511,4751.151302
4617,4484.744084,4752.165727
4618,4485.729659,4753.180151
4619,4486.715236,4754.194573
4620,4487.700814,4755.208993
4621,4488.686394,4756.223412
4622,4489.671975,4757.237829
4623,4490.657558,4758.252245
4624,4491.643142,4759.266659
4625,4492.628728,4760.281071
4626,4493.614315,4761.295483
4627,4494.599904,4762.309892
4628,4495.585495,4763.3243
4629,4496.571087,4764.338706
4630,4497.55668,4765.353111
4631,4498.542276,4766.367514
4632,4499.527872,4767.381916
4633,4500.513471,4768.396316
4634,4501.499071,4769.410715
4635,4502.484672,4770.425112
4636,4503.470275,4771.439507
4637,4504.45588,4772.453901
4638,4505.441486,4773.468294
4639,4506.427093,4774.482684
4640,4507.412702,4775.497074
4641,4508.398313,4776.511461
4642,4509.383925,4777.525847
4643,4510.369539,4778.540232
4644,4511.355155,4779.554615
4645,4512.340772,4780.568997
4646,4513.32639,4781.583377
4647,4514.31201,4782.597755
4648,4515.297632,4783.612132
4649,4516.283255,4784.626507
4650,4517.26888,4785.640881
4651,4518.254506,4786.655253
4652,4519.240133,4787.669624
4653,4520.225763,4788.683993
4654,4521.211394,4789.698361
4655,4522.197026,4790.712727
4656,4523.18266,4791.727091
4657,4524.168295,4792.741454
4658,4525.153932,4793.755816
4659,4526.139571,4794.770176
4660,4527.125211,4795.784534
4661,4528.110853,4796.798891
4662,4529.096496,4797.813246
4663,4530.082141,4798.8276
4664,4531.067787,4799.841952
4665,4532.053435,4800.856303
4666,4533.039084,4801.870652
4667,4534.024735,4802.885
4668,4535.010387,4803.899346
4669,4535.996041,4804.91369
4670,4536.981697,4805.928033
4671,4537.967354,4806.942375
4672,4538.953012,4807.956715
4673,4539.938673,4808.971053
4674,4540.924334,4809.98539
4675,4541.909997,4810.999725
4676,4542.895662,4812.014059
4677,4543.881328,4813.028391
4678,4544.866996,4814.042722
4679,4545.852665,4815.057051
4680,4546.838336,4816.071379
4681,4547.824009,4817.085705
4682,4548.809682,4818.100029
4683,4549.795358,4819.114352
4684,4550.781035,4820.128674
4685,4551.766713,4821.142994
4686,4552.752393,4822.157312
4687,4553.738075,4823.171629
4688,4554.723758,4824.185945
4689,4555.709442,4825.200259
4690,4556.695129,4826.214571
4691,4557.680816,4827.228882
4692,4558.666505,4828.243191
4693,4559.652196,4829.257499
4694,4560.637888,4830.271805
4695,4561.623582,4831.28611
4696,4562.609277,4832.300413
4697,4563.594974,4833.314715
4698,4564.580672,4834.329015
4699,4565.566372,4835.343314
4700,4566.552074,4836.357611
4701,4567.537776,4837.371907
4702,4568.523481,4838.386201
4703,4569.509187,4839.400493
4704,4570.494894,4840.414784
4705,4571.480603,4841.429074
4706,4572.466314,4842.443362
4707,4573.452026,4843.457648
4708,4574.437739,4844.471933
4709,4575.423454,4845.486217
4710,4576.409171,4846.500499
4711,4577.394889,4847.514779
4712,4578.380608,4848.529058
4713,4579.366329,4849.543335
4714,4580.352052,4850.557611
4715,4581.337776,4851.571886
4716,4582.323502,4852.586159
4717,4583.309229,4853.60043
4718,4584.294958,4854.6147
4719,4585.280688,4855.628968
4720,4586.266419,4856.643235
4721,4587.252153,4857.6575
4722,4588.237887,4858.671764
4723,4589.223624,4859.686026
4724,4590.209361,4860.700287
4725,4591.1951,4861.714546
4726,4592.180841,4862.728804
4727,4593.166583,4863.74306
4728,4594.152327,4864.757315
4729,4595.138072,4865.771568
4730,4596.123819,4866.78582
4731,4597.109568,4867.80007
4732,4598.095317,4868.814319
4733,4599.081069,4869.828566
4734,4600.066821,4870.842812
4735,4601.052576,4871.857056
4736,4602.038332,4872.871299
4737,4603.024089,4873.88554
4738,4604.009848,4874.89978
4739,4604.995608,4875.914018
4740,4605.98137,4876.928255
4741,4606.967133,4877.94249
4742,4607.952898,4878.956723
4743,4608.938664,4879.970956
4744,4609.924432,4880.985186
4745,4610.910201,4881.999416
4746,4611.895972,4883.013643
4747,4612.881745,4884.027869
4748,4613.867518,4885.042094
4749,4614.853294,4886.056317
4750,4615.839071,4887.070539
4751,4616.824849,4888.084759
4752,4617.810629,4889.098978
4753,4618.79641,4890.113195
4754,4619.782193,4891.127411
4755,4620.767977,4892.141625
4756,4621.753763,4893.155838
4757,4622.73955,4894.170049
4758,4623.725339,4895.184259
4759,4624.711129,4896.198467
4760,4625.696921,4897.212674
4761,4626.682714,4898.226879
4762,4627.668509,4899.241083
4763,4628.654305,4900.255285
4764,4629.640103,4901.269486
4765,4630.625902,4902.283685
4766,4631.611703,4903.297883
4767,4632.597505,4904.312079
4768,4633.583309,4905.326274
4769,4634.569114,4906.340467
4770,4635.554921,4907.354659
4771,4636.540729,4908.36885
4772,4637.526538,4909.383038
4773,4638.51235,4910.397226
4774,4639.498162,4911.411412
4775,4640.483976,4912.425596
4776,4641.469792,4913.439779
4777,4642.455609,4914.453961
4778,4643.441428,4915.468141
4779,4644.427248,4916.482319
4780,4645.413069,4917.496496
4781,4646.398892,4918.510672
4782,4647.384717,4919.524846
4783,4648.370543,4920.539018
4784,4649.35637,4921.553189
4785,4650.342199,4922.567359
4786,4651.328029,4923.581527
4787,4652.313861,4924.595693
4788,4653.299695,4925.609859
4789,4654.28553,4926.624022
4790,4655.271366,4927.638185
4791,4656.257204,4928.652345
4792,4657.243043,4929.666504
4793,4658.228884,4930.680662
4794,4659.214726,4931.694819
4795,4660.20057,4932.708973
4796,4661.186415,4933.723127
4797,4662.172262,4934.737279
4798,4663.15811,4935.751429
4799,4664.143959,4936.765578
4800,4665.12981,4937.779725
4801,4666.115663,4938.793871
4802,4667.101517,4939.808016
4803,4668.087373,4940.822159
4804,4669.07323,4941.8363
4805,4670.059088,4942.85044
4806,4671.044948,4943.864579
4807,4672.030809,4944.878716
4808,4673.016672,4945.892852
4809,4674.002537,4946.906986
4810,4674.988402,4947.921119
4811,4675.97427,4948.93525
4812,4676.960139,4949.94938
4813,4677.946009,4950.963508
4814,4678.93188,4951.977635
4815,4679.917754,4952.99176
4816,4680.903628,4954.005884
4817,4681.889504,4955.020007
4818,4682.875382,4956.034128
4819,4683.861261,4957.048247
4820,4684.847141,4958.062365
4821,4685.833023,4959.076482
4822,4686.818907,4960.090597
4823,4687.804792,4961.104711
4824,4688.790678,4962.118823
4825,4689.776566,4963.132933
4826,4690.762455,4964.147043
4827,4691.748346,4965.161151
4828,4692.734238,4966.175257
4829,4693.720132,4967.189362
4830,4694.706027,4968.203465
4831,4695.691923,4969.217567
4832,4696.677821,4970.231668
4833,4697.663721,4971.245767
4834,4698.649622,4972.259864
4835,4699.635524,4973.273961
4836,4700.621428,4974.288055
4837,4701.607333,4975.302148
4838,4702.59324,4976.31624
4839,4703.579148,4977.330331
4840,4704.565058,4978.344419
4841,4705.550969,4979.358507
4842,4706.536882,4980.372593
4843,4707.522796,4981.386677
4844,4708.508711,4982.40076
4845,4709.494628,4983.414842
4846,4710.480547,4984.428922
4847,4711.466467,4985.443001
4848,4712.452388,4986.457078
4849,4713.438311,4987.471154
4850,4714.424235,4988.485228
4851,4715.410161,4989.499301
4852,4716.396088,4990.513372
4853,4717.382016,4991.527442
4854,4718.367947,4992.541511
4855,4719.353878,4993.555578
4856,4720.339811,4994.569643
4857,4721.325745,4995.583708
4858,4722.311681,4996.59777
4859,4723.297618,4997.611832
4860,4724.283557,4998.625892
4861,4725.269497,4999.63995
4862,4726.255439,5000.654007
4863,4727.241382,5001.668062
4864,4728.227326,5002.682116
4865,4729.213272,5003.696169
4866,4730.19922,5004.71022
4867,4731.185169,5005.72427
4868,4732.171119,5006.738318
4869,4733.157071,5007.752365
4870,4734.143024,5008.76641
4871,4735.128978,5009.780454
4872,4736.114935,5010.794497
4873,4737.100892,5011.808538
4874,4738.086851,5012.822578
4875,4739.072811,5013.836616
4876,4740.058773,5014.850653
4877,4741.044736,5015.864688
4878,4742.030701,5016.878722
4879,4743.016667,5017.892754
4880,4744.002635,5018.906785
4881,4744.988604,5019.920815
4882,4745.974574,5020.934843
4883,4746.960546,5021.94887
4884,4747.946519,5022.962895
4885,4748.932494,5023.976919
4886,4749.91847,5024.990941
4887,4750.904448,5026.004962
4888,4751.890427,5027.018982
4889,4752.876408,5028.033
4890,4753.862389,5029.047016
4891,4754.848373,5030.061031
4892,4755.834358,5031.075045
4893,4756.820344,5032.089058
4894,4757.806332,5033.103069
4895,4758.792321,5034.117078
4896,4759.778311,5035.131086
4897,4760.764303,5036.145093
4898,4761.750296,5037.159098
4899,4762.736291,5038.173102
4900,4763.722288,5039.187104
4901,4764.708285,5040.201105
4902,4765.694284,5041.215104
4903,4766.680285,5042.229102
4904,4767.666287,5043.243099
4905,4768.65229,5044.257094
4906,4769.638295,5045.271088
4907,4770.624301,5046.28508
4908,4771.610309,5047.299071
4909,4772.596318,5048.313061
4910,4773.582328,5049.327049
4911,4774.56834,5050.341036
4912,4775.554354,5051.355021
4913,4776.540369,5052.369005
4914,4777.526385,5053.382987
4915,4778.512402,5054.396968
4916,4779.498421,5055.410947
4917,4780.484442,5056.424926
4918,4781.470464,5057.438902
4919,4782.456487,5058.452878
4920,4783.442512,5059.466851
4921,4784.428538,5060.480824
4922,4785.414566,5061.494795
4923,4786.400595,5062.508764
4924,4787.386625,5063.522733
4925,4788.372657,5064.536699
4926,4789.35869,5065.550665
4927,4790.344725,5066.564629
4928,4791.330761,5067.578591
4929,4792.316798,5068.592552
4930,4793.302837,5069.606512
4931,4794.288878,5070.62047
4932,4795.274919,5071.634427
4933,4796.260962,5072.648382
4934,4797.247007,5073.662336
4935,4798.233053,5074.676289
4936,4799.2191,5075.69024
4937,4800.205149,5076.70419
4938,4801.1912,5077.718138
4939,4802.177251,5078.732085
4940,4803.163304,5079.746031
4941,4804.149359,5080.759975
4942,4805.135415,5081.773918
4943,4806.121472,5082.787859
4944,4807.107531,5083.801799
4945,4808.093591,5084.815737
4946,4809.079652,5085.829674
4947,4810.065715,5086.84361
4948,4811.051779,5087.857544
4949,4812.037845,5088.871477
4950,4813.023912,5089.885409
4951,4814.009981,5090.899339
4952,4814.996051,5091.913267
4953,4815.982122,5092.927195
4954,4816.968195,5093.94112
4955,4817.954269,5094.955045
4956,4818.940345,5095.968968
4957,4819.926422,5096.982889
4958,4820.9125,5097.99681
4959,4821.89858,5099.010728
4960,4822.884661,5100.024646
4961,4823.870744,5101.038562
4962,4824.856828,5102.052476
4963,4825.842913,5103.06639
4964,4826.829,5104.080301
4965,4827.815088,5105.094212
4966,4828.801178,5106.108121
4967,4829.787269,5107.122028
4968,4830.773361,5108.135935
4969,4831.759455,5109.149839
4970,4832.74555,5110.163743
4971,4833.731647,5111.177645
4972,4834.717745,5112.191545
4973,4835.703845,5113.205444
4974,4836.689945,5114.219342
4975,4837.676048,5115.233239
4976,4838.662151,5116.247134
4977,4839.648256,5117.261027
4978,4840.634363,5118.274919
4979,4841.62047,5119.28881
4980,4842.60658,5120.3027
4981,4843.59269,5121.316588
4982,4844.578802,5122.330474
4983,4845.564915,5123.34436
4984,4846.55103,5124.358243
4985,4847.537146,5125.372126
4986,4848.523264,5126.386007
4987,4849.509383,5127.399887
4988,4850.495503,5128.413765
4989,4851.481625,5129.427642
4990,4852.467748,5130.441517
4991,4853.453873,5131.455391
4992,4854.439999,5132.469264
4993,4855.426126,5133.483136
4994,4856.412254,5134.497005
4995,4857.398385,5135.510874
4996,4858.384516,5136.524741
4997,4859.370649,5137.538607
4998,4860.356783,5138.552471
4999,4861.342919,5139.566334
5000,4862.329056,5140.580196
5001,4863.315194,5141.594056
5002,4864.301334,5142.607915
5003,4865.287475,5143.621772
5004,4866.273618,5144.635629
5005,4867.259761,5145.649483
5006,4868.245907,5146.663337
5007,4869.232054,5147.677189
5008,4870.218202,5148.691039
5009,4871.204351,5149.704888
5010,4872.190502,5150.718736
5011,4873.176654,5151.732582
5012,4874.162808,5152.746427
5013,4875.148963,5153.760271
5014,4876.135119,5154.774113
5015,4877.121277,5155.787954
5016,4878.107436,5156.801794
5017,4879.093597,5157.815632
5018,4880.079758,5158.829469
5019,4881.065922,5159.843304
5020,4882.052086,5160.857138
5021,4883.038252,5161.87097
5022,4884.02442,5162.884802
5023,4885.010589,5163.898632
5024,4885.996759,5164.91246
5025,4886.98293,5165.926287
5026,4887.969103,5166.940113
5027,4888.955277,5167.953937
5028,4889.941453,5168.96776
5029,4890.92763,5169.981582
5030,4891.913809,5170.995402
5031,4892.899988,5172.009221
5032,4893.88617,5173.023038
5033,4894.872352,5174.036854
5034,4895.858536,5175.050669
5035,4896.844721,5176.064482
5036,4897.830908,5177.078294
5037,4898.817096,5178.092105
5038,4899.803285,5179.105914
5039,4900.789476,5180.119722
5040,4901.775668,5181.133529
5041,4902.761862,5182.147334
5042,4903.748057,5183.161138
5043,4904.734253,5184.17494
5044,4905.72045,5185.188741
5045,4906.706649,5186.202541
5046,4907.69285,5187.216339
5047,4908.679051,5188.230136
5048,4909.665255,5189.243931
5049,4910.651459,5190.257726
5050,4911.637665,5191.271518
5051,4912.623872,5192.28531
5052,4913.610081,5193.2991
5053,4914.59629,5194.312889
5054,4915.582502,5195.326676
5055,4916.568714,5196.340462
5056,4917.554928,5197.354247
5057,4918.541144,5198.36803
5058,4919.52736,5199.381812
5059,4920.513579,5200.395593
5060,4921.499798,5201.409372
5061,4922.486019,5202.42315
5062,4923.472241,5203.436926
5063,4924.458464,5204.450701
5064,4925.444689,5205.464475
5065,4926.430916,5206.478247
5066,4927.417143,5207.492018
5067,4928.403372,5208.505788
5068,4929.389603,5209.519556
5069,4930.375834,5210.533323
5070,4931.362067,5211.547089
5071,4932.348302,5212.560853
5072,4933.334537,5213.574616
5073,4934.320775,5214.588378
5074,4935.307013,5215.602138
5075,4936.293253,5216.615897
5076,4937.279494,5217.629654
5077,4938.265737,5218.64341
5078,4939.251981,5219.657165
5079,4940.238226,5220.670918
5080,4941.224472,5221.68467
5081,4942.21072,5222.698421
5082,4943.19697,5223.71217
5083,4944.18322,5224.725918
5084,4945.169472,5225.739665
5085,4946.155726,5226.75341
5086,4947.14198,5227.767154
5087,4948.128237,5228.780897
5088,4949.114494,5229.794638
5089,4950.100753,5230.808378
5090,4951.087013,5231.822116
5091,4952.073274,5232.835854
5092,4953.059537,5233.849589
5093,4954.045801,5234.863324
5094,4955.032067,5235.877057
5095,4956.018334,5236.890789
5096,4957.004602,5237.904519
5097,4957.990872,5238.918248
5098,4958.977142,5239.931976
5099,4959.963415,5240.945703
5100,4960.949688,5241.959428
5101,4961.935963,5242.973151
5102,4962.92224,5243.986874
5103,4963.908517,5245.000595
5104,4964.894796,5246.014314
5105,4965.881077,5247.028033
5106,4966.867358,5248.04175
5107,4967.853641,5249.055465
5108,4968.839926,5250.06918
5109,4969.826211,5251.082893
5110,4970.812498,5252.096604
5111,4971.798787,5253.110314
5112,4972.785076,5254.124023
5113,4973.771368,5255.137731
5114,4974.75766,5256.151437
5115,4975.743954,5257.165142
5116,4976.730249,5258.178846
5117,4977.716545,5259.192548
5118,4978.702843,5260.206249
5119,4979.689142,5261.219948
5120,4980.675443,5262.233647
5121,4981.661744,5263.247344
5122,4982.648047,5264.261039
5123,4983.634352,5265.274733
5124,4984.620658,5266.288426
5125,4985.606965,5267.302118
5126,4986.593273,5268.315808
5127,4987.579583,5269.329497
5128,4988.565894,5270.343184
5129,4989.552207,5271.356871
5130,4990.538521,5272.370555
5131,4991.524836,5273.384239
5132,4992.511152,5274.397921
5133,4993.49747,5275.411602
5134,4994.483789,5276.425282
5135,4995.47011,5277.43896
5136,4996.456431,5278.452637
5137,4997.442754,5279.466312
5138,4998.429079,5280.479986
5139,4999.415405,5281.493659
5140,5000.401732,5282.507331
5141,5001.38806,5283.521001
5142,5002.37439,5284.53467
5143,5003.360721,5285.548338
5144,5004.347054,5286.562004
5145,5005.333387,5287.575669
5146,5006.319723,5288.589332
5147,5007.306059,5289.602995
5148,5008.292397,5290.616655
5149,5009.278736,5291.630315
5150,5010.265076,5292.643973
5151,5011.251418,5293.65763
5152,5012.237761,5294.671286
5153,5013.224105,5295.68494
5154,5014.210451,5296.698593
5155,5015.196798,5297.712245
5156,5016.183147,5298.725895
5157,5017.169496,5299.739544
5158,5018.155847,5300.753192
5159,5019.1422,5301.766838
5160,5020.128553,5302.780483
5161,5021.114908,5303.794127
5162,5022.101264,5304.807769
5163,5023.087622,5305.82141
5164,5024.073981,5306.83505
5165,5025.060341,5307.848688
5166,5026.046703,5308.862326
5167,5027.033066,5309.875961
5168,5028.01943,5310.889596
5169,5029.005796,5311.903229
5170,5029.992162,5312.916861
5171,5030.978531,5313.930491
5172,5031.9649,5314.944121
5173,5032.951271,5315.957748
5174,5033.937643,5316.971375
5175,5034.924016,5317.985
5176,5035.910391,5318.998624
5177,5036.896767,5320.012247
5178,5037.883145,5321.025868
5179,5038.869523,5322.039488
5180,5039.855903,5323.053107
5181,5040.842285,5324.066724
5182,5041.828667,5325.08034
5183,5042.815051,5326.093955
5184,5043.801437,5327.107568
5185,5044.787823,5328.12118
5186,5045.774211,5329.134791
